ReporterISO3,PartnerISO3,Partner Name,Year,Trade Flow Name,Trade Value in 1000 USD
BRA,AFG,Afghanistan,2020,Export,"1,474.37"
BRA,AGO,Angola,1989,Export,"8,509.48"
BRA,AGO,Angola,1990,Export,1
BRA,AGO,Angola,1991,Export,3.587
BRA,AGO,Angola,1997,Export,11.574
BRA,AGO,Angola,2004,Export,25.481
BRA,AGO,Angola,2005,Export,6.75
BRA,AGO,Angola,2006,Export,54.746
BRA,AGO,Angola,2007,Export,53.865
BRA,AGO,Angola,2008,Export,154.3
BRA,AGO,Angola,2009,Export,128.276
BRA,AGO,Angola,2010,Export,8.443
BRA,AGO,Angola,2011,Export,349.275
BRA,AGO,Angola,2012,Export,152.965
BRA,AGO,Angola,2013,Export,51.071
BRA,AGO,Angola,2014,Export,113.311
BRA,AGO,Angola,2015,Export,3.13
BRA,AGO,Angola,2016,Export,97.441
BRA,AGO,Angola,2017,Export,158.962
BRA,AGO,Angola,2019,Export,6.473
BRA,AGO,Angola,2020,Export,209.182
BRA,AGO,Angola,2021,Export,670.13
BRA,AIA,Anguila,1992,Export,"1,643.97"
BRA,ANT,Netherlands Antilles,1994,Export,236.089
BRA,ANT,Netherlands Antilles,1996,Export,"3,749.37"
BRA,ARE,United Arab Emirates,2004,Export,"36,558.94"
BRA,ARE,United Arab Emirates,2005,Export,"12,966.62"
BRA,ARE,United Arab Emirates,2006,Export,"38,427.76"
BRA,ARE,United Arab Emirates,2007,Export,"37,324.41"
BRA,ARE,United Arab Emirates,2011,Export,33.476
BRA,ARE,United Arab Emirates,2013,Export,"14,884.32"
BRA,ARE,United Arab Emirates,2014,Export,"23,981.04"
BRA,ARG,Argentina,1991,Export,366.959
BRA,ARG,Argentina,1992,Export,799.545
BRA,ARG,Argentina,1993,Export,2.3
BRA,ARG,Argentina,1997,Export,"8,528.54"
BRA,ARG,Argentina,1998,Export,80.5
BRA,ARG,Argentina,2000,Export,87.012
BRA,ARG,Argentina,2002,Export,139.925
BRA,ARG,Argentina,2003,Export,"5,409.70"
BRA,ARG,Argentina,2004,Export,"4,151.50"
BRA,ARG,Argentina,2005,Export,"3,538.88"
BRA,ARG,Argentina,2006,Export,"7,141.81"
BRA,ARG,Argentina,2008,Export,6.985
BRA,ARG,Argentina,2009,Export,"4,613.54"
BRA,ARG,Argentina,2011,Export,0.307
BRA,ARG,Argentina,2012,Export,846.568
BRA,ARG,Argentina,2013,Export,623.801
BRA,ARG,Argentina,2014,Export,"1,263.17"
BRA,ARG,Argentina,2015,Export,125.009
BRA,ARG,Argentina,2016,Export,"6,959.28"
BRA,ARG,Argentina,2017,Export,"60,432.08"
BRA,ARG,Argentina,2018,Export,"245,864.64"
BRA,ARG,Argentina,2019,Export,"119,679.53"
BRA,ARG,Argentina,2020,Export,"124,562.44"
BRA,ARG,Argentina,2021,Export,"90,842.38"
BRA,AUS,Australia,1996,Export,"2,109.80"
BRA,AUS,Australia,2007,Export,"2,221.58"
BRA,AUS,Australia,2008,Export,"49,160.28"
BRA,BEL,Belgium,1999,Export,"75,582.80"
BRA,BEL,Belgium,2000,Export,"58,716.75"
BRA,BEL,Belgium,2001,Export,"139,905.23"
BRA,BEL,Belgium,2002,Export,"124,590.76"
BRA,BEL,Belgium,2003,Export,"148,140.40"
BRA,BEL,Belgium,2004,Export,"38,023.61"
BRA,BEL,Belgium,2005,Export,"7,827.25"
BRA,BEL,Belgium,2006,Export,"104,112.71"
BRA,BEL,Belgium,2007,Export,"139,106.19"
BRA,BEL,Belgium,2008,Export,"70,877.37"
BRA,BEL,Belgium,2009,Export,"102,048.55"
BRA,BEL,Belgium,2010,Export,"9,965.11"
BRA,BEL,Belgium,2011,Export,"42,040.55"
BRA,BEL,Belgium,2012,Export,"26,369.52"
BRA,BEL,Belgium,2014,Export,"7,821.50"
BRA,BEL,Belgium,2018,Export,"89,022.65"
BRA,BEL,Belgium,2019,Export,34.048
BRA,BEL,Belgium,2020,Export,"46,950.62"
BRA,BEL,Belgium,2021,Export,"32,116.18"
BRA,BEN,Benin,2017,Export,108.256
BRA,BGD,Bangladesh,1989,Export,69
BRA,BGD,Bangladesh,2004,Export,"21,668.69"
BRA,BGD,Bangladesh,2008,Export,"16,628.30"
BRA,BGD,Bangladesh,2009,Export,"52,599.04"
BRA,BGD,Bangladesh,2010,Export,"19,017.41"
BRA,BGD,Bangladesh,2011,Export,"26,334.77"
BRA,BGD,Bangladesh,2012,Export,"23,782.80"
BRA,BGD,Bangladesh,2013,Export,"20,436.42"
BRA,BGD,Bangladesh,2014,Export,"24,128.91"
BRA,BGD,Bangladesh,2015,Export,"1,351.97"
BRA,BGD,Bangladesh,2016,Export,"20,352.87"
BRA,BGD,Bangladesh,2018,Export,"31,045.47"
BRA,BGD,Bangladesh,2019,Export,"149,483.45"
BRA,BGD,Bangladesh,2020,Export,"236,615.69"
BRA,BGD,Bangladesh,2021,Export,"410,135.88"
BRA,BHR,Bahrain,2014,Export,711.193
BRA,BHR,Bahrain,2019,Export,0.011
BRA,BHS,"Bahamas, The",1989,Export,5.185
BRA,BHS,"Bahamas, The",1996,Export,527.843
BRA,BHS,"Bahamas, The",2017,Export,"5,235.49"
BRA,BHS,"Bahamas, The",2019,Export,0.145
BRA,BIH,Bosnia and Herzegovina,2016,Export,26.25
BRA,BLX,Belgium-Luxembourg,1989,Export,"48,103.80"
BRA,BLX,Belgium-Luxembourg,1990,Export,"50,674.60"
BRA,BLX,Belgium-Luxembourg,1991,Export,"35,788.29"
BRA,BLX,Belgium-Luxembourg,1992,Export,"64,006.69"
BRA,BLX,Belgium-Luxembourg,1993,Export,"5,905.76"
BRA,BLX,Belgium-Luxembourg,1994,Export,"23,195.28"
BRA,BLX,Belgium-Luxembourg,1995,Export,"20,146.88"
BRA,BLX,Belgium-Luxembourg,1996,Export,"6,821.38"
BRA,BLX,Belgium-Luxembourg,1997,Export,"34,305.41"
BRA,BLX,Belgium-Luxembourg,1998,Export,"100,157.80"
BRA,BLZ,Belize,2001,Export,90.089
BRA,BMU,Bermuda,1993,Export,"1,058.10"
BRA,BMU,Bermuda,1994,Export,779.718
BRA,BMU,Bermuda,1996,Export,"1,039.52"
BRA,BOL,Bolivia,1989,Export,318.03
BRA,BOL,Bolivia,1991,Export,28.66
BRA,BOL,Bolivia,1992,Export,13.75
BRA,BOL,Bolivia,1993,Export,4.798
BRA,BOL,Bolivia,1994,Export,59.287
BRA,BOL,Bolivia,1995,Export,15.252
BRA,BOL,Bolivia,1996,Export,460.062
BRA,BOL,Bolivia,1997,Export,"9,837.73"
BRA,BOL,Bolivia,1998,Export,"15,384.13"
BRA,BOL,Bolivia,1999,Export,"13,835.52"
BRA,BOL,Bolivia,2000,Export,"25,651.71"
BRA,BOL,Bolivia,2001,Export,"24,197.21"
BRA,BOL,Bolivia,2002,Export,"38,104.43"
BRA,BOL,Bolivia,2003,Export,"32,784.21"
BRA,BOL,Bolivia,2004,Export,"35,147.47"
BRA,BOL,Bolivia,2005,Export,"23,876.48"
BRA,BOL,Bolivia,2006,Export,"36,961.12"
BRA,BOL,Bolivia,2007,Export,"35,780.75"
BRA,BOL,Bolivia,2008,Export,"19,344.64"
BRA,BOL,Bolivia,2009,Export,"6,030.80"
BRA,BOL,Bolivia,2010,Export,1.605
BRA,BOL,Bolivia,2011,Export,0.04
BRA,BOL,Bolivia,2012,Export,5.726
BRA,BOL,Bolivia,2013,Export,4.503
BRA,BOL,Bolivia,2014,Export,13.565
BRA,BOL,Bolivia,2015,Export,10.23
BRA,BOL,Bolivia,2016,Export,15.525
BRA,BOL,Bolivia,2017,Export,2.079
BRA,BOL,Bolivia,2018,Export,2.782
BRA,BOL,Bolivia,2019,Export,21.195
BRA,BOL,Bolivia,2021,Export,0.663
BRA,CAN,Canada,1994,Export,5
BRA,CAN,Canada,2004,Export,147.107
BRA,CAN,Canada,2005,Export,68.464
BRA,CAN,Canada,2008,Export,0.187
BRA,CAN,Canada,2009,Export,232.421
BRA,CAN,Canada,2012,Export,0.001
BRA,CAN,Canada,2021,Export,"15,644.38"
BRA,CHE,Switzerland,1989,Export,"6,238.83"
BRA,CHE,Switzerland,1990,Export,"17,229.25"
BRA,CHE,Switzerland,1991,Export,222.49
BRA,CHE,Switzerland,1992,Export,"1,065.95"
BRA,CHE,Switzerland,1993,Export,"1,594.06"
BRA,CHE,Switzerland,1994,Export,"11,237.75"
BRA,CHE,Switzerland,1995,Export,781.998
BRA,CHE,Switzerland,1996,Export,22.08
BRA,CHE,Switzerland,1998,Export,54.625
BRA,CHE,Switzerland,2000,Export,672.59
BRA,CHE,Switzerland,2001,Export,16.8
BRA,CHE,Switzerland,2002,Export,295.831
BRA,CHE,Switzerland,2003,Export,741.615
BRA,CHE,Switzerland,2004,Export,49.664
BRA,CHE,Switzerland,2005,Export,0.668
BRA,CHE,Switzerland,2008,Export,"66,218.78"
BRA,CHE,Switzerland,2009,Export,"11,497.27"
BRA,CHE,Switzerland,2012,Export,0.06
BRA,CHE,Switzerland,2013,Export,"1,808.80"
BRA,CHE,Switzerland,2015,Export,0.057
BRA,CHE,Switzerland,2016,Export,0.367
BRA,CHE,Switzerland,2018,Export,"7,825.27"
BRA,CHE,Switzerland,2019,Export,"2,026.38"
BRA,CHE,Switzerland,2021,Export,"15,170.78"
BRA,CHL,Chile,2000,Export,"2,957.82"
BRA,CHL,Chile,2001,Export,"1,204.02"
BRA,CHL,Chile,2004,Export,"5,129.00"
BRA,CHL,Chile,2005,Export,"4,744.66"
BRA,CHL,Chile,2009,Export,0.018
BRA,CHL,Chile,2012,Export,1.464
BRA,CHL,Chile,2013,Export,4.57
BRA,CHL,Chile,2016,Export,14.07
BRA,CHL,Chile,2019,Export,0.002
BRA,CHL,Chile,2020,Export,0.655
BRA,CHL,Chile,2021,Export,2.836
BRA,CHN,China,1989,Export,79.75
BRA,CHN,China,1996,Export,"4,299.41"
BRA,CHN,China,1997,Export,"89,827.90"
BRA,CHN,China,1998,Export,"221,631.04"
BRA,CHN,China,1999,Export,"111,289.57"
BRA,CHN,China,2000,Export,"337,350.32"
BRA,CHN,China,2001,Export,"537,663.76"
BRA,CHN,China,2002,Export,"823,446.12"
BRA,CHN,China,2003,Export,"1,313,073.24"
BRA,CHN,China,2004,Export,"1,621,735.72"
BRA,CHN,China,2005,Export,"1,710,492.94"
BRA,CHN,China,2006,Export,"2,428,650.15"
BRA,CHN,China,2007,Export,"2,831,860.77"
BRA,CHN,China,2008,Export,"5,324,052.18"
BRA,CHN,China,2009,Export,"6,342,964.92"
BRA,CHN,China,2010,Export,"7,133,440.54"
BRA,CHN,China,2011,Export,"10,951,902.03"
BRA,CHN,China,2012,Export,"12,028,317.83"
BRA,CHN,China,2013,Export,"17,147,972.47"
BRA,CHN,China,2014,Export,"16,615,159.62"
BRA,CHN,China,2015,Export,"15,787,785.73"
BRA,CHN,China,2016,Export,"14,386,114.60"
BRA,CHN,China,2017,Export,"20,310,207.68"
BRA,CHN,China,2018,Export,"27,233,070.72"
BRA,CHN,China,2019,Export,"20,452,339.45"
BRA,CHN,China,2020,Export,"20,903,176.75"
BRA,CHN,China,2021,Export,"27,208,101.30"
BRA,CIV,Cote d'Ivoire,1989,Export,"5,736.30"
BRA,CIV,Cote d'Ivoire,2009,Export,22
BRA,CIV,Cote d'Ivoire,2010,Export,12.8
BRA,CMR,Cameroon,1989,Export,2.575
BRA,CMR,Cameroon,2013,Export,26.63
BRA,COG,"Congo, Rep.",2002,Export,7.02
BRA,COG,"Congo, Rep.",2011,Export,3.146
BRA,COG,"Congo, Rep.",2012,Export,6.505
BRA,COG,"Congo, Rep.",2016,Export,4.565
BRA,COL,Colombia,1997,Export,"2,238.73"
BRA,COL,Colombia,1998,Export,875
BRA,COL,Colombia,2000,Export,"1,894.76"
BRA,COL,Colombia,2004,Export,"2,506.39"
BRA,COL,Colombia,2005,Export,"4,790.55"
BRA,COL,Colombia,2008,Export,"1,551.70"
BRA,COL,Colombia,2009,Export,"2,754.17"
BRA,COL,Colombia,2010,Export,26.35
BRA,COL,Colombia,2011,Export,22.664
BRA,COL,Colombia,2012,Export,"2,626.20"
BRA,COL,Colombia,2013,Export,0.608
BRA,COL,Colombia,2016,Export,10.358
BRA,COL,Colombia,2017,Export,"8,726.64"
BRA,COL,Colombia,2019,Export,1.385
BRA,COL,Colombia,2020,Export,6.597
BRA,COL,Colombia,2021,Export,524.843
BRA,CPV,Cape Verde,2009,Export,0.173
BRA,CPV,Cape Verde,2010,Export,0.661
BRA,CPV,Cape Verde,2011,Export,0.99
BRA,CPV,Cape Verde,2013,Export,0.32
BRA,CRI,Costa Rica,1997,Export,"3,848.74"
BRA,CRI,Costa Rica,1998,Export,"2,059.20"
BRA,CRI,Costa Rica,2004,Export,"5,175.66"
BRA,CUB,Cuba,1991,Export,12.062
BRA,CUB,Cuba,1992,Export,32.701
BRA,CUB,Cuba,1994,Export,271.139
BRA,CUB,Cuba,1995,Export,"1,180.20"
BRA,CUB,Cuba,1996,Export,939.499
BRA,CUB,Cuba,1997,Export,"3,261.55"
BRA,CUB,Cuba,1998,Export,"2,606.85"
BRA,CUB,Cuba,1999,Export,"3,905.67"
BRA,CUB,Cuba,2000,Export,"2,782.20"
BRA,CUB,Cuba,2001,Export,"6,006.20"
BRA,CUB,Cuba,2002,Export,800.098
BRA,CUB,Cuba,2003,Export,46.2
BRA,CUB,Cuba,2005,Export,"7,756.28"
BRA,CUB,Cuba,2006,Export,104.73
BRA,CUB,Cuba,2008,Export,89.586
BRA,CUB,Cuba,2009,Export,108
BRA,CUB,Cuba,2011,Export,"13,080.03"
BRA,CUB,Cuba,2012,Export,"10,303.09"
BRA,CUB,Cuba,2013,Export,107.496
BRA,CUB,Cuba,2015,Export,102.436
BRA,CUW,Curaçao,2011,Export,446.716
BRA,CYM,Cayman Islands,1993,Export,636.689
BRA,CYM,Cayman Islands,1995,Export,"1,490.58"
BRA,CYM,Cayman Islands,1996,Export,"11,420.10"
BRA,CYM,Cayman Islands,1997,Export,118.908
BRA,CYM,Cayman Islands,1999,Export,174.539
BRA,CYM,Cayman Islands,2002,Export,"17,166.57"
BRA,CYM,Cayman Islands,2003,Export,"1,660.51"
BRA,CYM,Cayman Islands,2008,Export,"24,500.44"
BRA,CYM,Cayman Islands,2011,Export,137.595
BRA,CYM,Cayman Islands,2014,Export,550
BRA,CYM,Cayman Islands,2018,Export,825.074
BRA,CYM,Cayman Islands,2021,Export,635.7
BRA,CYP,Cyprus,2020,Export,0.013
BRA,DEU,Germany,1989,Export,"84,975.06"
BRA,DEU,Germany,1990,Export,"42,090.52"
BRA,DEU,Germany,1991,Export,"33,185.69"
BRA,DEU,Germany,1992,Export,"58,329.18"
BRA,DEU,Germany,1993,Export,"38,928.97"
BRA,DEU,Germany,1994,Export,"107,308.33"
BRA,DEU,Germany,1995,Export,"45,032.23"
BRA,DEU,Germany,1996,Export,"57,532.10"
BRA,DEU,Germany,1997,Export,"128,282.29"
BRA,DEU,Germany,1998,Export,"257,635.76"
BRA,DEU,Germany,1999,Export,"155,365.28"
BRA,DEU,Germany,2000,Export,"201,073.27"
BRA,DEU,Germany,2001,Export,"279,417.59"
BRA,DEU,Germany,2002,Export,"307,517.29"
BRA,DEU,Germany,2003,Export,"493,473.18"
BRA,DEU,Germany,2004,Export,"498,238.87"
BRA,DEU,Germany,2005,Export,"224,313.96"
BRA,DEU,Germany,2006,Export,"242,608.42"
BRA,DEU,Germany,2007,Export,"117,481.67"
BRA,DEU,Germany,2008,Export,"475,641.42"
BRA,DEU,Germany,2009,Export,"453,783.31"
BRA,DEU,Germany,2010,Export,"134,550.58"
BRA,DEU,Germany,2011,Export,"189,031.78"
BRA,DEU,Germany,2012,Export,"284,638.12"
BRA,DEU,Germany,2013,Export,"167,631.08"
BRA,DEU,Germany,2014,Export,"327,154.92"
BRA,DEU,Germany,2015,Export,"176,189.43"
BRA,DEU,Germany,2016,Export,"272,150.52"
BRA,DEU,Germany,2017,Export,"20,565.31"
BRA,DEU,Germany,2018,Export,"93,989.20"
BRA,DEU,Germany,2019,Export,"20,256.83"
BRA,DEU,Germany,2020,Export,"11,052.83"
BRA,DEU,Germany,2021,Export,548.964
BRA,DNK,Denmark,1998,Export,"3,193.78"
BRA,DNK,Denmark,1999,Export,"1,511.58"
BRA,DNK,Denmark,2000,Export,24
BRA,DNK,Denmark,2001,Export,61.138
BRA,DNK,Denmark,2002,Export,"1,053.52"
BRA,DNK,Denmark,2003,Export,"5,554.96"
BRA,DNK,Denmark,2007,Export,21.442
BRA,DNK,Denmark,2008,Export,"13,738.06"
BRA,DNK,Denmark,2009,Export,"4,710.10"
BRA,DNK,Denmark,2010,Export,"4,942.08"
BRA,DNK,Denmark,2014,Export,"2,252.02"
BRA,DNK,Denmark,2019,Export,0.028
BRA,DNK,Denmark,2021,Export,0.007
BRA,DOM,Dominican Republic,1998,Export,44.061
BRA,DOM,Dominican Republic,2000,Export,6.446
BRA,DOM,Dominican Republic,2019,Export,"1,904.29"
BRA,DZA,Algeria,2004,Export,31.585
BRA,DZA,Algeria,2008,Export,"1,665.33"
BRA,DZA,Algeria,2012,Export,15.628
BRA,DZA,Algeria,2013,Export,17.489
BRA,DZA,Algeria,2016,Export,23.916
BRA,DZA,Algeria,2018,Export,14.175
BRA,DZA,Algeria,2019,Export,207.569
BRA,DZA,Algeria,2020,Export,"119,028.36"
BRA,DZA,Algeria,2021,Export,"275,995.56"
BRA,EGY,"Egypt, Arab Rep.",1994,Export,"1,813.32"
BRA,EGY,"Egypt, Arab Rep.",1997,Export,"3,775.00"
BRA,EGY,"Egypt, Arab Rep.",2000,Export,"5,803.54"
BRA,EGY,"Egypt, Arab Rep.",2001,Export,512.982
BRA,EGY,"Egypt, Arab Rep.",2004,Export,"1,874.56"
BRA,EGY,"Egypt, Arab Rep.",2005,Export,"8,224.30"
BRA,EGY,"Egypt, Arab Rep.",2007,Export,"41,081.16"
BRA,EGY,"Egypt, Arab Rep.",2008,Export,"8,489.74"
BRA,EGY,"Egypt, Arab Rep.",2009,Export,"72,374.50"
BRA,EGY,"Egypt, Arab Rep.",2011,Export,"8,305.35"
BRA,EGY,"Egypt, Arab Rep.",2014,Export,"142,637.79"
BRA,EGY,"Egypt, Arab Rep.",2015,Export,"209,459.24"
BRA,EGY,"Egypt, Arab Rep.",2016,Export,"13,665.79"
BRA,EGY,"Egypt, Arab Rep.",2017,Export,"39,505.69"
BRA,EGY,"Egypt, Arab Rep.",2018,Export,"55,438.56"
BRA,EGY,"Egypt, Arab Rep.",2021,Export,"52,879.21"
BRA,ESP,Spain,1989,Export,"146,744.88"
BRA,ESP,Spain,1990,Export,"109,331.86"
BRA,ESP,Spain,1991,Export,"81,634.34"
BRA,ESP,Spain,1992,Export,"131,482.13"
BRA,ESP,Spain,1993,Export,"117,152.31"
BRA,ESP,Spain,1994,Export,"66,786.27"
BRA,ESP,Spain,1995,Export,"111,951.32"
BRA,ESP,Spain,1996,Export,"86,159.11"
BRA,ESP,Spain,1997,Export,"239,978.03"
BRA,ESP,Spain,1998,Export,"221,128.19"
BRA,ESP,Spain,1999,Export,"251,217.06"
BRA,ESP,Spain,2000,Export,"223,032.88"
BRA,ESP,Spain,2001,Export,"232,684.70"
BRA,ESP,Spain,2002,Export,"223,586.72"
BRA,ESP,Spain,2003,Export,"334,061.39"
BRA,ESP,Spain,2004,Export,"418,310.46"
BRA,ESP,Spain,2005,Export,"481,285.93"
BRA,ESP,Spain,2006,Export,"428,357.42"
BRA,ESP,Spain,2007,Export,"659,924.67"
BRA,ESP,Spain,2008,Export,"1,161,601.26"
BRA,ESP,Spain,2009,Export,"791,891.23"
BRA,ESP,Spain,2010,Export,"740,226.55"
BRA,ESP,Spain,2011,Export,"1,192,918.33"
BRA,ESP,Spain,2012,Export,"1,130,223.51"
BRA,ESP,Spain,2013,Export,"1,058,680.24"
BRA,ESP,Spain,2014,Export,"1,072,905.25"
BRA,ESP,Spain,2015,Export,"909,472.45"
BRA,ESP,Spain,2016,Export,"598,682.31"
BRA,ESP,Spain,2017,Export,"757,680.55"
BRA,ESP,Spain,2018,Export,"739,563.82"
BRA,ESP,Spain,2019,Export,"756,712.46"
BRA,ESP,Spain,2020,Export,"956,739.89"
BRA,ESP,Spain,2021,Export,"1,665,074.45"
BRA,EST,Estonia,1993,Export,"10,475.57"
BRA,EST,Estonia,1994,Export,"17,986.51"
BRA,ETF,Ethiopia(includes Eritrea),1989,Export,"1,165.00"
BRA,FIN,Finland,2002,Export,"7,781.81"
BRA,FIN,Finland,2003,Export,"9,385.80"
BRA,FIN,Finland,2004,Export,"5,502.00"
BRA,FIN,Finland,2005,Export,30.633
BRA,FIN,Finland,2007,Export,8.248
BRA,FIN,Finland,2013,Export,"19,826.97"
BRA,FIN,Finland,2014,Export,"24,163.54"
BRA,FIN,Finland,2015,Export,226.055
BRA,FIN,Finland,2016,Export,325.288
BRA,FIN,Finland,2017,Export,446.897
BRA,FIN,Finland,2018,Export,503.497
BRA,FIN,Finland,2019,Export,154.484
BRA,FIN,Finland,2020,Export,174.505
BRA,FIN,Finland,2021,Export,27.054
BRA,FRA,France,1989,Export,"29,657.52"
BRA,FRA,France,1990,Export,"30,768.26"
BRA,FRA,France,1991,Export,"9,726.48"
BRA,FRA,France,1992,Export,"15,322.63"
BRA,FRA,France,1993,Export,"6,149.84"
BRA,FRA,France,1994,Export,"27,731.44"
BRA,FRA,France,1995,Export,"44,744.20"
BRA,FRA,France,1996,Export,"23,194.46"
BRA,FRA,France,1997,Export,"51,552.84"
BRA,FRA,France,1998,Export,"49,017.90"
BRA,FRA,France,1999,Export,"46,792.15"
BRA,FRA,France,2000,Export,"35,996.36"
BRA,FRA,France,2001,Export,"80,863.02"
BRA,FRA,France,2002,Export,"94,540.41"
BRA,FRA,France,2003,Export,"130,265.16"
BRA,FRA,France,2004,Export,"49,191.85"
BRA,FRA,France,2005,Export,"82,941.18"
BRA,FRA,France,2006,Export,"37,662.76"
BRA,FRA,France,2007,Export,"69,538.25"
BRA,FRA,France,2008,Export,"117,221.04"
BRA,FRA,France,2009,Export,"150,732.37"
BRA,FRA,France,2010,Export,"45,026.17"
BRA,FRA,France,2011,Export,"107,540.74"
BRA,FRA,France,2012,Export,"281,399.81"
BRA,FRA,France,2013,Export,"79,624.72"
BRA,FRA,France,2014,Export,"99,921.03"
BRA,FRA,France,2015,Export,"129,552.23"
BRA,FRA,France,2016,Export,"94,196.43"
BRA,FRA,France,2017,Export,"85,918.09"
BRA,FRA,France,2018,Export,"42,709.45"
BRA,FRA,France,2019,Export,"50,502.73"
BRA,FRA,France,2020,Export,"27,118.38"
BRA,FRA,France,2021,Export,"89,769.16"
BRA,GBR,United Kingdom,1989,Export,"4,528.13"
BRA,GBR,United Kingdom,1990,Export,"10,019.66"
BRA,GBR,United Kingdom,1991,Export,"10,095.57"
BRA,GBR,United Kingdom,1992,Export,"38,264.86"
BRA,GBR,United Kingdom,1993,Export,"3,667.38"
BRA,GBR,United Kingdom,1994,Export,"27,825.81"
BRA,GBR,United Kingdom,1996,Export,"24,984.18"
BRA,GBR,United Kingdom,1997,Export,"46,489.06"
BRA,GBR,United Kingdom,1998,Export,"96,133.79"
BRA,GBR,United Kingdom,1999,Export,"81,590.51"
BRA,GBR,United Kingdom,2000,Export,"73,131.50"
BRA,GBR,United Kingdom,2001,Export,"91,080.13"
BRA,GBR,United Kingdom,2002,Export,"128,576.71"
BRA,GBR,United Kingdom,2003,Export,"136,404.35"
BRA,GBR,United Kingdom,2004,Export,"146,815.91"
BRA,GBR,United Kingdom,2005,Export,"153,009.37"
BRA,GBR,United Kingdom,2006,Export,"132,916.77"
BRA,GBR,United Kingdom,2007,Export,"174,866.59"
BRA,GBR,United Kingdom,2008,Export,"229,453.65"
BRA,GBR,United Kingdom,2009,Export,"261,341.27"
BRA,GBR,United Kingdom,2010,Export,"251,697.55"
BRA,GBR,United Kingdom,2011,Export,"333,799.82"
BRA,GBR,United Kingdom,2012,Export,"300,607.39"
BRA,GBR,United Kingdom,2013,Export,"241,917.79"
BRA,GBR,United Kingdom,2014,Export,"148,241.50"
BRA,GBR,United Kingdom,2015,Export,"143,934.13"
BRA,GBR,United Kingdom,2016,Export,"154,397.67"
BRA,GBR,United Kingdom,2017,Export,"247,569.84"
BRA,GBR,United Kingdom,2018,Export,"155,233.79"
BRA,GBR,United Kingdom,2019,Export,"141,521.34"
BRA,GBR,United Kingdom,2020,Export,"220,983.56"
BRA,GBR,United Kingdom,2021,Export,"154,785.52"
BRA,GEO,Georgia,2011,Export,"13,638.71"
BRA,GHA,Ghana,2010,Export,"1,110.00"
BRA,GHA,Ghana,2011,Export,270.642
BRA,GHA,Ghana,2012,Export,"3,095.32"
BRA,GHA,Ghana,2017,Export,29.437
BRA,GHA,Ghana,2020,Export,4.8
BRA,GHA,Ghana,2021,Export,108.99
BRA,GIB,Gibraltar,1989,Export,"7,355.82"
BRA,GIB,Gibraltar,1990,Export,"10,335.74"
BRA,GIB,Gibraltar,1991,Export,"15,197.95"
BRA,GIB,Gibraltar,1993,Export,257.949
BRA,GIB,Gibraltar,1998,Export,"1,203.26"
BRA,GIB,Gibraltar,1999,Export,"2,940.50"
BRA,GIB,Gibraltar,2000,Export,"1,110.00"
BRA,GIB,Gibraltar,2005,Export,691.17
BRA,GIB,Gibraltar,2009,Export,"8,504.40"
BRA,GMB,"Gambia, The",2015,Export,337.392
BRA,GNQ,Equatorial Guinea,2013,Export,1.786
BRA,GNQ,Equatorial Guinea,2014,Export,6.067
BRA,GNQ,Equatorial Guinea,2015,Export,8.556
BRA,GRC,Greece,1997,Export,"10,594.42"
BRA,GRC,Greece,1998,Export,"17,375.77"
BRA,GRC,Greece,1999,Export,"11,210.44"
BRA,GRC,Greece,2000,Export,"6,272.94"
BRA,GRC,Greece,2001,Export,"8,856.93"
BRA,GRC,Greece,2002,Export,"19,053.35"
BRA,GRC,Greece,2003,Export,"22,701.09"
BRA,GRC,Greece,2004,Export,"34,336.43"
BRA,GRC,Greece,2005,Export,"26,924.03"
BRA,GRC,Greece,2006,Export,"44,731.29"
BRA,GRC,Greece,2007,Export,"44,330.51"
BRA,GRC,Greece,2008,Export,"54,752.87"
BRA,GRC,Greece,2009,Export,"30,723.41"
BRA,GRC,Greece,2010,Export,"16,188.83"
BRA,GRC,Greece,2011,Export,"20,657.69"
BRA,GRC,Greece,2014,Export,"5,115.43"
BRA,GRC,Greece,2015,Export,"3,053.69"
BRA,GRC,Greece,2017,Export,"5,362.31"
BRA,GRC,Greece,2018,Export,"19,173.10"
BRA,GRC,Greece,2019,Export,"3,462.08"
BRA,GRC,Greece,2020,Export,"35,842.62"
BRA,GRC,Greece,2021,Export,"49,316.14"
BRA,GTM,Guatemala,1989,Export,642.12
BRA,GTM,Guatemala,1990,Export,167.96
BRA,GTM,Guatemala,1991,Export,301.875
BRA,GTM,Guatemala,1992,Export,343.412
BRA,GTM,Guatemala,1993,Export,251.897
BRA,GTM,Guatemala,1994,Export,325.09
BRA,GTM,Guatemala,1995,Export,132.899
BRA,GTM,Guatemala,1996,Export,42.75
BRA,GTM,Guatemala,1997,Export,57.397
BRA,GTM,Guatemala,1998,Export,145.199
BRA,GTM,Guatemala,1999,Export,62.261
BRA,GTM,Guatemala,2000,Export,25.402
BRA,GTM,Guatemala,2001,Export,8
BRA,GTM,Guatemala,2004,Export,4.5
BRA,GTM,Guatemala,2005,Export,11.866
BRA,GTM,Guatemala,2008,Export,147
BRA,GUY,Guyana,2012,Export,38
BRA,GUY,Guyana,2013,Export,585.059
BRA,GUY,Guyana,2014,Export,751.825
BRA,GUY,Guyana,2015,Export,609.292
BRA,GUY,Guyana,2016,Export,353.179
BRA,GUY,Guyana,2021,Export,4.107
BRA,HKG,"Hong Kong, China",2001,Export,"1,183.28"
BRA,HKG,"Hong Kong, China",2012,Export,440.044
BRA,HKG,"Hong Kong, China",2013,Export,"4,749.51"
BRA,HKG,"Hong Kong, China",2019,Export,0.139
BRA,HKG,"Hong Kong, China",2020,Export,0.083
BRA,HKG,"Hong Kong, China",2021,Export,0.153
BRA,HRV,Croatia,1996,Export,"3,300.98"
BRA,HRV,Croatia,2000,Export,"5,381.56"
BRA,HRV,Croatia,2001,Export,"11,964.59"
BRA,HRV,Croatia,2002,Export,"14,782.96"
BRA,HRV,Croatia,2003,Export,"16,034.99"
BRA,HRV,Croatia,2004,Export,"6,958.05"
BRA,HRV,Croatia,2005,Export,"28,715.62"
BRA,HRV,Croatia,2006,Export,"5,461.41"
BRA,HRV,Croatia,2008,Export,"15,443.95"
BRA,HRV,Croatia,2010,Export,"19,806.06"
BRA,HUN,Hungary,1997,Export,"2,834.68"
BRA,IDN,Indonesia,1989,Export,"17,240.72"
BRA,IDN,Indonesia,1990,Export,"4,582.72"
BRA,IDN,Indonesia,1992,Export,"4,317.76"
BRA,IDN,Indonesia,1993,Export,"4,513.14"
BRA,IDN,Indonesia,1994,Export,"4,727.25"
BRA,IDN,Indonesia,1996,Export,"2,463.25"
BRA,IDN,Indonesia,2008,Export,"4,561.02"
BRA,IDN,Indonesia,2010,Export,873.719
BRA,IDN,Indonesia,2011,Export,"5,878.20"
BRA,IDN,Indonesia,2013,Export,124.503
BRA,IDN,Indonesia,2015,Export,"1,684.15"
BRA,IDN,Indonesia,2017,Export,177.652
BRA,IDN,Indonesia,2018,Export,"10,699.03"
BRA,IDN,Indonesia,2019,Export,"6,272.50"
BRA,IDN,Indonesia,2021,Export,"3,094.19"
BRA,IND,India,2002,Export,388.4
BRA,IND,India,2008,Export,363.99
BRA,IND,India,2013,Export,543.461
BRA,IND,India,2016,Export,148.551
BRA,IRL,Ireland,1989,Export,280.435
BRA,IRL,Ireland,1992,Export,737.425
BRA,IRL,Ireland,2000,Export,"1,077.44"
BRA,IRL,Ireland,2001,Export,"2,412.22"
BRA,IRL,Ireland,2002,Export,830.73
BRA,IRL,Ireland,2003,Export,"4,335.30"
BRA,IRL,Ireland,2004,Export,"3,360.77"
BRA,IRL,Ireland,2005,Export,"9,560.69"
BRA,IRL,Ireland,2006,Export,"3,523.57"
BRA,IRL,Ireland,2007,Export,"4,568.69"
BRA,IRL,Ireland,2010,Export,190.432
BRA,IRL,Ireland,2011,Export,0.053
BRA,IRL,Ireland,2020,Export,"4,564.49"
BRA,IRN,"Iran, Islamic Rep.",1998,Export,"4,029.08"
BRA,IRN,"Iran, Islamic Rep.",1999,Export,"16,863.39"
BRA,IRN,"Iran, Islamic Rep.",2000,Export,"61,839.85"
BRA,IRN,"Iran, Islamic Rep.",2001,Export,"76,494.42"
BRA,IRN,"Iran, Islamic Rep.",2002,Export,"64,318.87"
BRA,IRN,"Iran, Islamic Rep.",2003,Export,"77,224.31"
BRA,IRN,"Iran, Islamic Rep.",2004,Export,"181,500.26"
BRA,IRN,"Iran, Islamic Rep.",2005,Export,"200,209.87"
BRA,IRN,"Iran, Islamic Rep.",2006,Export,"214,994.18"
BRA,IRN,"Iran, Islamic Rep.",2007,Export,"111,086.50"
BRA,IRN,"Iran, Islamic Rep.",2008,Export,"23,442.83"
BRA,IRN,"Iran, Islamic Rep.",2009,Export,"48,682.06"
BRA,IRN,"Iran, Islamic Rep.",2010,Export,"21,082.84"
BRA,IRN,"Iran, Islamic Rep.",2011,Export,"86,502.49"
BRA,IRN,"Iran, Islamic Rep.",2012,Export,"10,355.73"
BRA,IRN,"Iran, Islamic Rep.",2013,Export,"72,669.20"
BRA,IRN,"Iran, Islamic Rep.",2014,Export,"32,659.97"
BRA,IRN,"Iran, Islamic Rep.",2015,Export,"211,101.23"
BRA,IRN,"Iran, Islamic Rep.",2016,Export,"467,882.53"
BRA,IRN,"Iran, Islamic Rep.",2017,Export,"469,123.72"
BRA,IRN,"Iran, Islamic Rep.",2018,Export,"511,283.03"
BRA,IRN,"Iran, Islamic Rep.",2019,Export,"544,789.51"
BRA,IRN,"Iran, Islamic Rep.",2020,Export,"245,421.53"
BRA,IRN,"Iran, Islamic Rep.",2021,Export,"560,650.79"
BRA,ISR,Israel,2003,Export,"45,066.83"
BRA,ISR,Israel,2004,Export,"56,433.03"
BRA,ISR,Israel,2005,Export,"59,227.88"
BRA,ISR,Israel,2006,Export,"11,581.25"
BRA,ISR,Israel,2007,Export,"56,447.17"
BRA,ISR,Israel,2008,Export,"34,687.38"
BRA,ISR,Israel,2009,Export,"30,853.02"
BRA,ISR,Israel,2010,Export,"8,914.10"
BRA,ISR,Israel,2011,Export,"52,653.63"
BRA,ISR,Israel,2012,Export,"4,548.40"
BRA,ISR,Israel,2013,Export,"7,747.79"
BRA,ISR,Israel,2014,Export,"31,474.96"
BRA,ISR,Israel,2015,Export,"38,007.18"
BRA,ISR,Israel,2016,Export,"23,506.48"
BRA,ISR,Israel,2017,Export,"43,307.62"
BRA,ISR,Israel,2018,Export,"57,682.16"
BRA,ISR,Israel,2019,Export,"49,534.61"
BRA,ISR,Israel,2020,Export,"65,623.03"
BRA,ISR,Israel,2021,Export,"82,483.06"
BRA,ITA,Italy,1989,Export,"107,306.47"
BRA,ITA,Italy,1990,Export,"57,893.90"
BRA,ITA,Italy,1991,Export,"22,846.07"
BRA,ITA,Italy,1992,Export,"56,718.02"
BRA,ITA,Italy,1993,Export,"63,789.54"
BRA,ITA,Italy,1994,Export,"65,210.54"
BRA,ITA,Italy,1995,Export,"22,555.20"
BRA,ITA,Italy,1996,Export,"39,971.43"
BRA,ITA,Italy,1997,Export,"61,523.66"
BRA,ITA,Italy,1998,Export,"76,337.42"
BRA,ITA,Italy,1999,Export,"77,485.72"
BRA,ITA,Italy,2000,Export,"85,103.88"
BRA,ITA,Italy,2001,Export,"120,967.10"
BRA,ITA,Italy,2002,Export,"97,166.91"
BRA,ITA,Italy,2003,Export,"165,066.29"
BRA,ITA,Italy,2004,Export,"240,282.65"
BRA,ITA,Italy,2005,Export,"319,738.48"
BRA,ITA,Italy,2006,Export,"240,880.81"
BRA,ITA,Italy,2007,Export,"331,861.32"
BRA,ITA,Italy,2008,Export,"477,469.37"
BRA,ITA,Italy,2009,Export,"278,507.52"
BRA,ITA,Italy,2010,Export,"213,132.83"
BRA,ITA,Italy,2011,Export,"73,269.30"
BRA,ITA,Italy,2012,Export,"73,643.52"
BRA,ITA,Italy,2013,Export,"190,681.52"
BRA,ITA,Italy,2014,Export,"249,688.72"
BRA,ITA,Italy,2015,Export,"34,198.19"
BRA,ITA,Italy,2016,Export,"185,516.93"
BRA,ITA,Italy,2017,Export,"119,814.85"
BRA,ITA,Italy,2018,Export,"90,248.86"
BRA,ITA,Italy,2019,Export,"80,700.68"
BRA,ITA,Italy,2020,Export,"210,697.69"
BRA,ITA,Italy,2021,Export,"382,191.92"
BRA,JOR,Jordan,2009,Export,0.054
BRA,JPN,Japan,1989,Export,"152,821.78"
BRA,JPN,Japan,1990,Export,"164,595.81"
BRA,JPN,Japan,1991,Export,"54,139.15"
BRA,JPN,Japan,1992,Export,"91,845.12"
BRA,JPN,Japan,1993,Export,"77,377.26"
BRA,JPN,Japan,1994,Export,"120,422.52"
BRA,JPN,Japan,1995,Export,"69,743.38"
BRA,JPN,Japan,1996,Export,"86,886.70"
BRA,JPN,Japan,1997,Export,"136,601.65"
BRA,JPN,Japan,1998,Export,"68,593.65"
BRA,JPN,Japan,1999,Export,"64,469.69"
BRA,JPN,Japan,2000,Export,"103,224.47"
BRA,JPN,Japan,2001,Export,"137,360.94"
BRA,JPN,Japan,2002,Export,"140,012.56"
BRA,JPN,Japan,2003,Export,"140,000.54"
BRA,JPN,Japan,2004,Export,"97,270.10"
BRA,JPN,Japan,2005,Export,"96,647.99"
BRA,JPN,Japan,2006,Export,"49,850.20"
BRA,JPN,Japan,2007,Export,"109,020.48"
BRA,JPN,Japan,2008,Export,"214,995.00"
BRA,JPN,Japan,2009,Export,"245,862.64"
BRA,JPN,Japan,2010,Export,"192,576.33"
BRA,JPN,Japan,2011,Export,"253,805.04"
BRA,JPN,Japan,2012,Export,"297,345.76"
BRA,JPN,Japan,2013,Export,"328,959.06"
BRA,JPN,Japan,2014,Export,"299,754.46"
BRA,JPN,Japan,2015,Export,"185,150.48"
BRA,JPN,Japan,2016,Export,"171,740.44"
BRA,JPN,Japan,2017,Export,"175,400.28"
BRA,JPN,Japan,2018,Export,"219,731.63"
BRA,JPN,Japan,2019,Export,"180,315.75"
BRA,JPN,Japan,2020,Export,"156,083.92"
BRA,JPN,Japan,2021,Export,"216,322.39"
BRA,KHM,Cambodia,2019,Export,3.766
BRA,KOR,"Korea, Rep.",1989,Export,"34,228.66"
BRA,KOR,"Korea, Rep.",1990,Export,"24,654.12"
BRA,KOR,"Korea, Rep.",1992,Export,"3,586.41"
BRA,KOR,"Korea, Rep.",1993,Export,"11,953.97"
BRA,KOR,"Korea, Rep.",1994,Export,"18,486.31"
BRA,KOR,"Korea, Rep.",1995,Export,"7,659.60"
BRA,KOR,"Korea, Rep.",1996,Export,"29,849.54"
BRA,KOR,"Korea, Rep.",1997,Export,"10,160.65"
BRA,KOR,"Korea, Rep.",1998,Export,"7,463.05"
BRA,KOR,"Korea, Rep.",1999,Export,"9,003.29"
BRA,KOR,"Korea, Rep.",2000,Export,"20,940.89"
BRA,KOR,"Korea, Rep.",2001,Export,"16,642.86"
BRA,KOR,"Korea, Rep.",2002,Export,"31,905.57"
BRA,KOR,"Korea, Rep.",2003,Export,"53,188.94"
BRA,KOR,"Korea, Rep.",2004,Export,"19,489.25"
BRA,KOR,"Korea, Rep.",2005,Export,"109,588.70"
BRA,KOR,"Korea, Rep.",2006,Export,"122,553.44"
BRA,KOR,"Korea, Rep.",2007,Export,"169,137.00"
BRA,KOR,"Korea, Rep.",2008,Export,"231,627.76"
BRA,KOR,"Korea, Rep.",2009,Export,"207,861.48"
BRA,KOR,"Korea, Rep.",2010,Export,"166,841.31"
BRA,KOR,"Korea, Rep.",2011,Export,"213,162.81"
BRA,KOR,"Korea, Rep.",2012,Export,"179,735.77"
BRA,KOR,"Korea, Rep.",2013,Export,"188,524.00"
BRA,KOR,"Korea, Rep.",2014,Export,"215,816.19"
BRA,KOR,"Korea, Rep.",2015,Export,"277,741.33"
BRA,KOR,"Korea, Rep.",2016,Export,"197,937.31"
BRA,KOR,"Korea, Rep.",2017,Export,"180,049.95"
BRA,KOR,"Korea, Rep.",2018,Export,"197,813.51"
BRA,KOR,"Korea, Rep.",2019,Export,"38,537.54"
BRA,KOR,"Korea, Rep.",2020,Export,"199,980.91"
BRA,KOR,"Korea, Rep.",2021,Export,"256,659.37"
BRA,LBN,Lebanon,2009,Export,0.315
BRA,LBN,Lebanon,2019,Export,"4,787.38"
BRA,LBR,Liberia,1992,Export,"1,047.30"
BRA,LBR,Liberia,2019,Export,0.06
BRA,LBR,Liberia,2021,Export,0.02
BRA,LCA,St. Lucia,2005,Export,0.46
BRA,LCA,St. Lucia,2007,Export,"2,595.96"
BRA,LCA,St. Lucia,2008,Export,"9,780.45"
BRA,LCA,St. Lucia,2009,Export,"68,261.12"
BRA,LCA,St. Lucia,2010,Export,"53,666.77"
BRA,LCA,St. Lucia,2011,Export,"163,415.71"
BRA,LCA,St. Lucia,2012,Export,"125,410.00"
BRA,LCA,St. Lucia,2013,Export,"220,507.23"
BRA,LCA,St. Lucia,2014,Export,"148,710.59"
BRA,LCA,St. Lucia,2015,Export,"194,419.51"
BRA,LCA,St. Lucia,2016,Export,"148,354.27"
BRA,LCA,St. Lucia,2017,Export,"104,571.04"
BRA,LCA,St. Lucia,2018,Export,"117,060.36"
BRA,LCA,St. Lucia,2019,Export,"116,454.17"
BRA,LCA,St. Lucia,2020,Export,"112,082.39"
BRA,LCA,St. Lucia,2021,Export,"172,009.47"
BRA,LKA,Sri Lanka,2014,Export,278.317
BRA,LTU,Lithuania,2009,Export,"127,417.93"
BRA,LTU,Lithuania,2010,Export,"25,279.48"
BRA,MAR,Morocco,1993,Export,"3,170.55"
BRA,MAR,Morocco,1997,Export,"25,574.94"
BRA,MAR,Morocco,1999,Export,"13,491.08"
BRA,MAR,Morocco,2000,Export,"13,125.79"
BRA,MAR,Morocco,2001,Export,"7,065.31"
BRA,MAR,Morocco,2002,Export,"24,465.95"
BRA,MAR,Morocco,2003,Export,"33,821.16"
BRA,MAR,Morocco,2004,Export,"32,709.10"
BRA,MAR,Morocco,2005,Export,"31,310.46"
BRA,MAR,Morocco,2006,Export,"23,260.46"
BRA,MAR,Morocco,2007,Export,"42,930.16"
BRA,MAR,Morocco,2008,Export,"83,903.07"
BRA,MAR,Morocco,2009,Export,"57,231.56"
BRA,MAR,Morocco,2010,Export,"10,193.65"
BRA,MAR,Morocco,2014,Export,"29,085.05"
BRA,MAR,Morocco,2018,Export,"1,065.40"
BRA,MAR,Morocco,2020,Export,"6,707.65"
BRA,MEX,Mexico,1989,Export,61.524
BRA,MEX,Mexico,1990,Export,233.279
BRA,MEX,Mexico,1992,Export,"4,633.36"
BRA,MEX,Mexico,1993,Export,"6,643.74"
BRA,MEX,Mexico,1994,Export,"9,714.76"
BRA,MEX,Mexico,1997,Export,"12,927.88"
BRA,MEX,Mexico,1998,Export,"25,170.24"
BRA,MEX,Mexico,1999,Export,"4,632.67"
BRA,MEX,Mexico,2000,Export,"29,767.48"
BRA,MEX,Mexico,2001,Export,"36,478.14"
BRA,MEX,Mexico,2002,Export,"7,009.65"
BRA,MEX,Mexico,2003,Export,"10,523.04"
BRA,MEX,Mexico,2004,Export,"117,835.54"
BRA,MEX,Mexico,2005,Export,"9,277.36"
BRA,MEX,Mexico,2006,Export,0.906
BRA,MEX,Mexico,2007,Export,6.05
BRA,MEX,Mexico,2009,Export,"18,741.38"
BRA,MEX,Mexico,2010,Export,"18,100.80"
BRA,MEX,Mexico,2013,Export,"150,455.28"
BRA,MEX,Mexico,2014,Export,"34,436.25"
BRA,MEX,Mexico,2016,Export,"46,005.65"
BRA,MEX,Mexico,2017,Export,"95,803.10"
BRA,MEX,Mexico,2018,Export,"134,425.32"
BRA,MEX,Mexico,2019,Export,"232,873.18"
BRA,MEX,Mexico,2020,Export,"288,607.19"
BRA,MEX,Mexico,2021,Export,"547,087.98"
BRA,MHL,Marshall Islands,2019,Export,0.063
BRA,MHL,Marshall Islands,2020,Export,0.34
BRA,MHL,Marshall Islands,2021,Export,1.134
BRA,MLT,Malta,2021,Export,0.117
BRA,MMR,Myanmar,2018,Export,320.768
BRA,MOZ,Mozambique,2007,Export,0.014
BRA,MOZ,Mozambique,2009,Export,4.71
BRA,MOZ,Mozambique,2010,Export,126.862
BRA,MOZ,Mozambique,2013,Export,180.214
BRA,MOZ,Mozambique,2014,Export,180
BRA,MOZ,Mozambique,2016,Export,148.2
BRA,MOZ,Mozambique,2017,Export,45
BRA,MOZ,Mozambique,2018,Export,59.63
BRA,MUS,Mauritius,2016,Export,39.749
BRA,MYS,Malaysia,1989,Export,"24,373.05"
BRA,MYS,Malaysia,1990,Export,"6,674.14"
BRA,MYS,Malaysia,1992,Export,"20,299.82"
BRA,MYS,Malaysia,1993,Export,"9,543.71"
BRA,MYS,Malaysia,1994,Export,"6,278.61"
BRA,MYS,Malaysia,1995,Export,"1,731.06"
BRA,MYS,Malaysia,1997,Export,"25,780.32"
BRA,MYS,Malaysia,1998,Export,"9,574.38"
BRA,MYS,Malaysia,1999,Export,"9,889.85"
BRA,MYS,Malaysia,2000,Export,712.5
BRA,MYS,Malaysia,2001,Export,"2,269.65"
BRA,MYS,Malaysia,2002,Export,"2,203.46"
BRA,MYS,Malaysia,2003,Export,"13,284.65"
BRA,MYS,Malaysia,2004,Export,"21,473.32"
BRA,MYS,Malaysia,2007,Export,"13,209.27"
BRA,MYS,Malaysia,2008,Export,11.122
BRA,MYS,Malaysia,2010,Export,12.413
BRA,MYS,Malaysia,2011,Export,"1,195.62"
BRA,MYS,Malaysia,2012,Export,"6,907.90"
BRA,MYS,Malaysia,2013,Export,"52,917.94"
BRA,MYS,Malaysia,2014,Export,"33,547.07"
BRA,MYS,Malaysia,2015,Export,"34,565.95"
BRA,MYS,Malaysia,2016,Export,"27,949.61"
BRA,MYS,Malaysia,2017,Export,"30,570.68"
BRA,MYS,Malaysia,2018,Export,"6,193.13"
BRA,MYS,Malaysia,2019,Export,"3,763.53"
BRA,MYS,Malaysia,2020,Export,"10,485.26"
BRA,MYS,Malaysia,2021,Export,"7,054.69"
BRA,NAM,Namibia,2008,Export,0.119
BRA,NGA,Nigeria,2005,Export,"2,552.00"
BRA,NGA,Nigeria,2011,Export,37.05
BRA,NGA,Nigeria,2013,Export,32.7
BRA,NGA,Nigeria,2014,Export,"1,176.73"
BRA,NGA,Nigeria,2015,Export,166.776
BRA,NGA,Nigeria,2017,Export,99.534
BRA,NGA,Nigeria,2018,Export,217.091
BRA,NIC,Nicaragua,1989,Export,560.07
BRA,NLD,Netherlands,1989,Export,"434,476.00"
BRA,NLD,Netherlands,1990,Export,"331,010.75"
BRA,NLD,Netherlands,1991,Export,"172,809.22"
BRA,NLD,Netherlands,1992,Export,"293,799.52"
BRA,NLD,Netherlands,1993,Export,"434,664.86"
BRA,NLD,Netherlands,1994,Export,"725,687.94"
BRA,NLD,Netherlands,1995,Export,"383,489.12"
BRA,NLD,Netherlands,1996,Export,"582,423.04"
BRA,NLD,Netherlands,1997,Export,"1,266,854.91"
BRA,NLD,Netherlands,1998,Export,"699,266.37"
BRA,NLD,Netherlands,1999,Export,"543,569.11"
BRA,NLD,Netherlands,2000,Export,"656,760.84"
BRA,NLD,Netherlands,2001,Export,"590,705.67"
BRA,NLD,Netherlands,2002,Export,"543,968.71"
BRA,NLD,Netherlands,2003,Export,"766,070.12"
BRA,NLD,Netherlands,2004,Export,"952,308.66"
BRA,NLD,Netherlands,2005,Export,"1,199,631.81"
BRA,NLD,Netherlands,2006,Export,"853,988.51"
BRA,NLD,Netherlands,2007,Export,"932,284.31"
BRA,NLD,Netherlands,2008,Export,"1,030,892.42"
BRA,NLD,Netherlands,2009,Export,"974,309.55"
BRA,NLD,Netherlands,2010,Export,"550,551.01"
BRA,NLD,Netherlands,2011,Export,"710,252.07"
BRA,NLD,Netherlands,2012,Export,"550,153.52"
BRA,NLD,Netherlands,2013,Export,"829,561.20"
BRA,NLD,Netherlands,2014,Export,"1,013,057.28"
BRA,NLD,Netherlands,2015,Export,"580,865.89"
BRA,NLD,Netherlands,2016,Export,"571,489.08"
BRA,NLD,Netherlands,2017,Export,"592,434.29"
BRA,NLD,Netherlands,2018,Export,"531,186.86"
BRA,NLD,Netherlands,2019,Export,"604,781.14"
BRA,NLD,Netherlands,2020,Export,"1,109,035.43"
BRA,NLD,Netherlands,2021,Export,"1,198,838.48"
BRA,NOR,Norway,1989,Export,"4,444.66"
BRA,NOR,Norway,1990,Export,"10,138.96"
BRA,NOR,Norway,1991,Export,"1,730.31"
BRA,NOR,Norway,1992,Export,"6,563.29"
BRA,NOR,Norway,1994,Export,"6,098.10"
BRA,NOR,Norway,1996,Export,550.439
BRA,NOR,Norway,1997,Export,"28,765.51"
BRA,NOR,Norway,1998,Export,"24,919.95"
BRA,NOR,Norway,1999,Export,"66,594.89"
BRA,NOR,Norway,2000,Export,"102,966.53"
BRA,NOR,Norway,2001,Export,"75,609.21"
BRA,NOR,Norway,2002,Export,"77,367.66"
BRA,NOR,Norway,2003,Export,"81,744.70"
BRA,NOR,Norway,2004,Export,"94,257.10"
BRA,NOR,Norway,2005,Export,"92,187.44"
BRA,NOR,Norway,2006,Export,"86,321.97"
BRA,NOR,Norway,2007,Export,"109,013.87"
BRA,NOR,Norway,2008,Export,"176,612.73"
BRA,NOR,Norway,2009,Export,"182,758.52"
BRA,NOR,Norway,2010,Export,"147,868.99"
BRA,NOR,Norway,2011,Export,"159,695.09"
BRA,NOR,Norway,2012,Export,"215,359.73"
BRA,NOR,Norway,2013,Export,"168,484.39"
BRA,NOR,Norway,2014,Export,"156,680.17"
BRA,NOR,Norway,2015,Export,"139,647.82"
BRA,NOR,Norway,2016,Export,"99,482.15"
BRA,NOR,Norway,2017,Export,"103,446.09"
BRA,NOR,Norway,2018,Export,"110,831.83"
BRA,NOR,Norway,2019,Export,"148,285.22"
BRA,NOR,Norway,2020,Export,"125,055.32"
BRA,NOR,Norway,2021,Export,"156,155.12"
BRA,NPL,Nepal,2016,Export,345.913
BRA,OAS,"Other Asia, nes",1989,Export,"2,513.29"
BRA,OAS,"Other Asia, nes",1994,Export,"1,476.00"
BRA,OAS,"Other Asia, nes",1997,Export,"57,732.40"
BRA,OAS,"Other Asia, nes",1998,Export,"97,810.67"
BRA,OAS,"Other Asia, nes",1999,Export,"2,015.35"
BRA,OAS,"Other Asia, nes",2000,Export,"21,071.01"
BRA,OAS,"Other Asia, nes",2001,Export,"44,958.92"
BRA,OAS,"Other Asia, nes",2002,Export,"34,814.40"
BRA,OAS,"Other Asia, nes",2003,Export,"117,946.87"
BRA,OAS,"Other Asia, nes",2004,Export,"213,654.61"
BRA,OAS,"Other Asia, nes",2005,Export,"121,594.51"
BRA,OAS,"Other Asia, nes",2006,Export,"119,781.32"
BRA,OAS,"Other Asia, nes",2007,Export,"60,437.61"
BRA,OAS,"Other Asia, nes",2008,Export,"75,714.52"
BRA,OAS,"Other Asia, nes",2009,Export,"216,429.68"
BRA,OAS,"Other Asia, nes",2010,Export,"247,487.87"
BRA,OAS,"Other Asia, nes",2011,Export,"482,284.18"
BRA,OAS,"Other Asia, nes",2012,Export,"607,590.44"
BRA,OAS,"Other Asia, nes",2013,Export,"525,551.14"
BRA,OAS,"Other Asia, nes",2014,Export,"379,611.00"
BRA,OAS,"Other Asia, nes",2015,Export,"376,106.27"
BRA,OAS,"Other Asia, nes",2016,Export,"330,352.43"
BRA,OAS,"Other Asia, nes",2017,Export,"382,263.65"
BRA,OAS,"Other Asia, nes",2018,Export,"132,002.24"
BRA,OAS,"Other Asia, nes",2019,Export,"231,196.95"
BRA,OAS,"Other Asia, nes",2020,Export,"334,952.94"
BRA,OAS,"Other Asia, nes",2021,Export,"532,638.60"
BRA,PAK,Pakistan,2015,Export,"48,615.24"
BRA,PAK,Pakistan,2016,Export,"183,149.60"
BRA,PAK,Pakistan,2017,Export,"358,241.61"
BRA,PAK,Pakistan,2018,Export,"255,941.87"
BRA,PAK,Pakistan,2019,Export,"267,966.06"
BRA,PAK,Pakistan,2020,Export,"416,187.15"
BRA,PAK,Pakistan,2021,Export,"693,921.19"
BRA,PAN,Panama,1993,Export,252.02
BRA,PAN,Panama,1994,Export,"11,855.22"
BRA,PAN,Panama,2005,Export,603
BRA,PAN,Panama,2015,Export,17.811
BRA,PAN,Panama,2018,Export,0.025
BRA,PAN,Panama,2019,Export,0.182
BRA,PAN,Panama,2020,Export,0.221
BRA,PAN,Panama,2021,Export,0.328
BRA,PER,Peru,2001,Export,"1,296.10"
BRA,PER,Peru,2009,Export,1.8
BRA,PER,Peru,2015,Export,44.848
BRA,PER,Peru,2019,Export,0.001
BRA,PER,Peru,2021,Export,1.059
BRA,PHL,Philippines,1997,Export,"3,335.99"
BRA,PHL,Philippines,2001,Export,"4,535.38"
BRA,PHL,Philippines,2002,Export,423.503
BRA,PHL,Philippines,2007,Export,8.999
BRA,PHL,Philippines,2008,Export,63.971
BRA,PHL,Philippines,2009,Export,24.028
BRA,PHL,Philippines,2010,Export,50.752
BRA,PHL,Philippines,2011,Export,138.592
BRA,PHL,Philippines,2012,Export,63.232
BRA,PHL,Philippines,2013,Export,94.924
BRA,PHL,Philippines,2014,Export,298.745
BRA,PHL,Philippines,2015,Export,71.362
BRA,PHL,Philippines,2018,Export,"4,070.00"
BRA,PHL,Philippines,2021,Export,"5,669.56"
BRA,POL,Poland,1994,Export,"3,554.29"
BRA,POL,Poland,1996,Export,"3,091.55"
BRA,POL,Poland,2005,Export,42.384
BRA,POL,Poland,2006,Export,44.89
BRA,POL,Poland,2007,Export,34.324
BRA,POL,Poland,2008,Export,0.262
BRA,POL,Poland,2011,Export,14.623
BRA,PRK,"Korea, Dem. Rep.",1997,Export,"12,912.34"
BRA,PRK,"Korea, Dem. Rep.",2003,Export,"1,828.24"
BRA,PRK,"Korea, Dem. Rep.",2004,Export,"56,401.43"
BRA,PRK,"Korea, Dem. Rep.",2008,Export,"3,956.75"
BRA,PRK,"Korea, Dem. Rep.",2011,Export,"2,240.01"
BRA,PRT,Portugal,1989,Export,"13,957.47"
BRA,PRT,Portugal,1990,Export,"10,853.07"
BRA,PRT,Portugal,1991,Export,"8,365.19"
BRA,PRT,Portugal,1992,Export,"7,691.60"
BRA,PRT,Portugal,1993,Export,"7,627.36"
BRA,PRT,Portugal,1994,Export,"11,929.95"
BRA,PRT,Portugal,1995,Export,"39,821.20"
BRA,PRT,Portugal,1996,Export,"20,024.60"
BRA,PRT,Portugal,1997,Export,"4,755.86"
BRA,PRT,Portugal,1998,Export,"40,238.90"
BRA,PRT,Portugal,2000,Export,"55,550.82"
BRA,PRT,Portugal,2001,Export,"154,359.22"
BRA,PRT,Portugal,2002,Export,"164,609.34"
BRA,PRT,Portugal,2003,Export,"80,492.06"
BRA,PRT,Portugal,2004,Export,"148,937.97"
BRA,PRT,Portugal,2005,Export,"88,119.02"
BRA,PRT,Portugal,2006,Export,"179,437.49"
BRA,PRT,Portugal,2007,Export,"246,134.81"
BRA,PRT,Portugal,2008,Export,"265,101.87"
BRA,PRT,Portugal,2009,Export,"275,793.02"
BRA,PRT,Portugal,2010,Export,"281,721.23"
BRA,PRT,Portugal,2011,Export,"51,938.89"
BRA,PRT,Portugal,2012,Export,"259,202.05"
BRA,PRT,Portugal,2013,Export,"106,063.90"
BRA,PRT,Portugal,2014,Export,"163,782.55"
BRA,PRT,Portugal,2015,Export,"168,045.16"
BRA,PRT,Portugal,2016,Export,"85,551.41"
BRA,PRT,Portugal,2017,Export,"80,152.15"
BRA,PRT,Portugal,2018,Export,"165,749.46"
BRA,PRT,Portugal,2019,Export,"120,354.37"
BRA,PRT,Portugal,2020,Export,"146,804.87"
BRA,PRT,Portugal,2021,Export,"243,480.35"
BRA,PRY,Paraguay,1990,Export,126.294
BRA,PRY,Paraguay,1991,Export,12.642
BRA,PRY,Paraguay,1992,Export,81.901
BRA,PRY,Paraguay,1993,Export,44.899
BRA,PRY,Paraguay,1994,Export,562.197
BRA,PRY,Paraguay,1995,Export,263.479
BRA,PRY,Paraguay,1996,Export,"2,032.48"
BRA,PRY,Paraguay,1997,Export,"3,927.11"
BRA,PRY,Paraguay,1998,Export,"11,225.92"
BRA,PRY,Paraguay,1999,Export,"2,286.97"
BRA,PRY,Paraguay,2000,Export,"2,581.65"
BRA,PRY,Paraguay,2001,Export,"2,877.38"
BRA,PRY,Paraguay,2002,Export,"2,697.09"
BRA,PRY,Paraguay,2003,Export,"3,336.60"
BRA,PRY,Paraguay,2004,Export,"5,690.85"
BRA,PRY,Paraguay,2005,Export,"3,674.95"
BRA,PRY,Paraguay,2006,Export,"3,110.31"
BRA,PRY,Paraguay,2007,Export,"5,224.00"
BRA,PRY,Paraguay,2008,Export,"4,762.91"
BRA,PRY,Paraguay,2009,Export,"7,466.18"
BRA,PRY,Paraguay,2010,Export,"4,009.28"
BRA,PRY,Paraguay,2011,Export,"7,028.16"
BRA,PRY,Paraguay,2012,Export,"4,724.36"
BRA,PRY,Paraguay,2013,Export,"2,329.36"
BRA,PRY,Paraguay,2014,Export,"2,202.68"
BRA,PRY,Paraguay,2015,Export,"1,164.12"
BRA,PRY,Paraguay,2016,Export,"1,229.50"
BRA,PRY,Paraguay,2017,Export,"4,611.56"
BRA,PRY,Paraguay,2018,Export,"3,653.62"
BRA,PRY,Paraguay,2019,Export,"2,570.23"
BRA,PRY,Paraguay,2020,Export,"3,305.83"
BRA,PRY,Paraguay,2021,Export,"8,342.63"
BRA,ROM,Romania,1990,Export,"21,442.31"
BRA,ROM,Romania,1991,Export,834.006
BRA,ROM,Romania,1993,Export,219.74
BRA,ROM,Romania,1994,Export,"2,594.90"
BRA,ROM,Romania,2001,Export,"13,977.56"
BRA,ROM,Romania,2002,Export,"6,274.19"
BRA,ROM,Romania,2003,Export,"6,925.26"
BRA,ROM,Romania,2004,Export,"12,034.20"
BRA,ROM,Romania,2008,Export,"9,074.72"
BRA,ROM,Romania,2009,Export,"12,842.14"
BRA,ROM,Romania,2010,Export,"24,303.60"
BRA,ROM,Romania,2011,Export,"8,333.13"
BRA,ROM,Romania,2013,Export,"39,700.54"
BRA,ROM,Romania,2014,Export,"8,970.04"
BRA,ROM,Romania,2015,Export,"17,419.68"
BRA,ROM,Romania,2016,Export,"19,556.34"
BRA,ROM,Romania,2017,Export,"37,082.64"
BRA,ROM,Romania,2018,Export,"66,136.89"
BRA,ROM,Romania,2019,Export,"17,544.73"
BRA,ROM,Romania,2020,Export,"76,149.54"
BRA,ROM,Romania,2021,Export,"59,931.68"
BRA,RUS,Russian Federation,1993,Export,636.6
BRA,RUS,Russian Federation,1994,Export,"1,399.15"
BRA,RUS,Russian Federation,1997,Export,"12,944.58"
BRA,RUS,Russian Federation,1998,Export,"1,057.63"
BRA,RUS,Russian Federation,2002,Export,"8,802.33"
BRA,RUS,Russian Federation,2005,Export,"1,056.03"
BRA,RUS,Russian Federation,2007,Export,"35,941.65"
BRA,RUS,Russian Federation,2008,Export,"57,039.08"
BRA,RUS,Russian Federation,2010,Export,"157,575.43"
BRA,RUS,Russian Federation,2011,Export,"143,077.65"
BRA,RUS,Russian Federation,2012,Export,"73,111.70"
BRA,RUS,Russian Federation,2014,Export,"296,194.74"
BRA,RUS,Russian Federation,2015,Export,"231,534.58"
BRA,RUS,Russian Federation,2016,Export,"411,426.75"
BRA,RUS,Russian Federation,2017,Export,"415,723.04"
BRA,RUS,Russian Federation,2018,Export,"450,301.25"
BRA,RUS,Russian Federation,2019,Export,"354,785.51"
BRA,RUS,Russian Federation,2020,Export,"386,638.64"
BRA,RUS,Russian Federation,2021,Export,"343,286.65"
BRA,SAU,Saudi Arabia,1992,Export,426.347
BRA,SDN,Fm Sudan,2010,Export,3.604
BRA,SDN,Fm Sudan,2011,Export,177.913
BRA,SEN,Senegal,2014,Export,226.602
BRA,SEN,Senegal,2015,Export,"1,263.47"
BRA,SEN,Senegal,2016,Export,118.942
BRA,SEN,Senegal,2020,Export,87.111
BRA,SER,"Serbia, FR(Serbia/Montenegro)",1992,Export,"1,041.05"
BRA,SER,"Serbia, FR(Serbia/Montenegro)",2002,Export,790.95
BRA,SGP,Singapore,2007,Export,223.922
BRA,SGP,Singapore,2008,Export,888.864
BRA,SGP,Singapore,2009,Export,770.316
BRA,SGP,Singapore,2010,Export,789.944
BRA,SGP,Singapore,2011,Export,"1,002.79"
BRA,SGP,Singapore,2012,Export,481.001
BRA,SGP,Singapore,2013,Export,"12,028.51"
BRA,SGP,Singapore,2014,Export,491.102
BRA,SGP,Singapore,2015,Export,307.82
BRA,SGP,Singapore,2019,Export,0.751
BRA,SGP,Singapore,2020,Export,0.246
BRA,SGP,Singapore,2021,Export,0.137
BRA,SLE,Sierra Leone,2021,Export,29.914
BRA,SLV,El Salvador,1990,Export,88.199
BRA,SUD,Sudan,2020,Export,19.89
BRA,SUR,Suriname,2015,Export,1.82
BRA,SVK,Slovak Republic,1994,Export,"1,242.15"
BRA,SVK,Slovak Republic,2007,Export,12.897
BRA,SVK,Slovak Republic,2018,Export,"1,993.55"
BRA,SVN,Slovenia,2004,Export,"1,832.98"
BRA,SVN,Slovenia,2006,Export,"2,097.59"
BRA,SVN,Slovenia,2013,Export,176.638
BRA,SVN,Slovenia,2018,Export,"3,596.35"
BRA,SWE,Sweden,2002,Export,70.732
BRA,SWE,Sweden,2003,Export,226.353
BRA,SWE,Sweden,2004,Export,520.7
BRA,SWE,Sweden,2005,Export,163.396
BRA,SWE,Sweden,2006,Export,186.964
BRA,SWE,Sweden,2007,Export,968.713
BRA,SWE,Sweden,2008,Export,"1,345.15"
BRA,SWE,Sweden,2009,Export,513.428
BRA,SYR,Syrian Arab Republic,2004,Export,"2,070.91"
BRA,SYR,Syrian Arab Republic,2006,Export,"1,654.26"
BRA,TCA,Turks and Caicos Isl.,2013,Export,"3,166.99"
BRA,TCA,Turks and Caicos Isl.,2014,Export,"7,810.69"
BRA,TCA,Turks and Caicos Isl.,2015,Export,"3,034.20"
BRA,TCA,Turks and Caicos Isl.,2018,Export,"19,147.85"
BRA,TCA,Turks and Caicos Isl.,2019,Export,"7,103.44"
BRA,THA,Thailand,1989,Export,213.5
BRA,THA,Thailand,1994,Export,"21,433.79"
BRA,THA,Thailand,1995,Export,"4,003.96"
BRA,THA,Thailand,1996,Export,"2,422.58"
BRA,THA,Thailand,1997,Export,"48,354.29"
BRA,THA,Thailand,1998,Export,"25,525.47"
BRA,THA,Thailand,1999,Export,"9,838.32"
BRA,THA,Thailand,2000,Export,"19,261.01"
BRA,THA,Thailand,2001,Export,"6,782.92"
BRA,THA,Thailand,2002,Export,"18,806.15"
BRA,THA,Thailand,2003,Export,"19,983.02"
BRA,THA,Thailand,2004,Export,"94,630.31"
BRA,THA,Thailand,2005,Export,"146,309.77"
BRA,THA,Thailand,2006,Export,"172,033.27"
BRA,THA,Thailand,2007,Export,"278,934.42"
BRA,THA,Thailand,2008,Export,"536,432.02"
BRA,THA,Thailand,2009,Export,"362,578.91"
BRA,THA,Thailand,2010,Export,"444,871.65"
BRA,THA,Thailand,2011,Export,"577,797.30"
BRA,THA,Thailand,2012,Export,"598,155.28"
BRA,THA,Thailand,2013,Export,"589,168.73"
BRA,THA,Thailand,2014,Export,"626,409.93"
BRA,THA,Thailand,2015,Export,"672,557.84"
BRA,THA,Thailand,2016,Export,"586,642.03"
BRA,THA,Thailand,2017,Export,"622,763.10"
BRA,THA,Thailand,2018,Export,"467,143.93"
BRA,THA,Thailand,2019,Export,"602,178.14"
BRA,THA,Thailand,2020,Export,"911,435.10"
BRA,THA,Thailand,2021,Export,"1,289,044.15"
BRA,TUN,Tunisia,2012,Export,"29,921.95"
BRA,TUN,Tunisia,2014,Export,"47,482.96"
BRA,TUN,Tunisia,2015,Export,"61,172.27"
BRA,TUN,Tunisia,2016,Export,"13,495.57"
BRA,TUN,Tunisia,2017,Export,"23,209.81"
BRA,TUN,Tunisia,2018,Export,"68,113.34"
BRA,TUN,Tunisia,2019,Export,"70,086.30"
BRA,TUN,Tunisia,2020,Export,"85,280.84"
BRA,TUN,Tunisia,2021,Export,"137,249.75"
BRA,TUR,Turkey,1992,Export,"1,657.62"
BRA,TUR,Turkey,1995,Export,"1,463.66"
BRA,TUR,Turkey,1996,Export,866.324
BRA,TUR,Turkey,1997,Export,"16,836.85"
BRA,TUR,Turkey,1998,Export,"21,127.77"
BRA,TUR,Turkey,1999,Export,"2,501.32"
BRA,TUR,Turkey,2000,Export,"10,229.18"
BRA,TUR,Turkey,2002,Export,722.411
BRA,TUR,Turkey,2003,Export,"14,883.59"
BRA,TUR,Turkey,2004,Export,"12,215.23"
BRA,TUR,Turkey,2005,Export,"30,958.96"
BRA,TUR,Turkey,2006,Export,"39,059.76"
BRA,TUR,Turkey,2007,Export,"18,864.45"
BRA,TUR,Turkey,2008,Export,"54,071.86"
BRA,TUR,Turkey,2009,Export,"6,226.68"
BRA,TUR,Turkey,2010,Export,"82,603.57"
BRA,TUR,Turkey,2011,Export,"162,055.20"
BRA,TUR,Turkey,2012,Export,"4,869.02"
BRA,TUR,Turkey,2013,Export,"67,959.03"
BRA,TUR,Turkey,2014,Export,"234,914.10"
BRA,TUR,Turkey,2015,Export,"49,347.14"
BRA,TUR,Turkey,2016,Export,"101,936.60"
BRA,TUR,Turkey,2017,Export,"104,760.81"
BRA,TUR,Turkey,2018,Export,"521,302.86"
BRA,TUR,Turkey,2019,Export,"443,780.78"
BRA,TUR,Turkey,2020,Export,"720,763.11"
BRA,TUR,Turkey,2021,Export,"1,014,906.70"
BRA,UGA,Uganda,2017,Export,2.926
BRA,UKR,Ukraine,2005,Export,"6,706.34"
BRA,UKR,Ukraine,2020,Export,"4,326.43"
BRA,UKR,Ukraine,2021,Export,"19,840.78"
BRA,UMI,United States Minor Outlying I,2008,Export,"1,105.35"
BRA,UNS,Unspecified,1990,Export,123.574
BRA,UNS,Unspecified,1993,Export,"134,827.94"
BRA,UNS,Unspecified,1994,Export,"4,986.54"
BRA,UNS,Unspecified,1997,Export,"19,149.18"
BRA,UNS,Unspecified,1998,Export,"36,357.13"
BRA,UNS,Unspecified,1999,Export,"13,007.54"
BRA,URY,Uruguay,1990,Export,551.893
BRA,URY,Uruguay,1991,Export,866.969
BRA,URY,Uruguay,1992,Export,"2,814.64"
BRA,URY,Uruguay,1993,Export,"3,909.35"
BRA,URY,Uruguay,1994,Export,"1,981.83"
BRA,URY,Uruguay,1995,Export,"13,711.72"
BRA,URY,Uruguay,1996,Export,"16,953.64"
BRA,URY,Uruguay,1997,Export,"23,534.18"
BRA,URY,Uruguay,1998,Export,"6,298.62"
BRA,URY,Uruguay,1999,Export,"1,567.08"
BRA,URY,Uruguay,2000,Export,22.995
BRA,URY,Uruguay,2003,Export,656.346
BRA,URY,Uruguay,2006,Export,0.267
BRA,URY,Uruguay,2007,Export,0.905
BRA,URY,Uruguay,2008,Export,33.831
BRA,URY,Uruguay,2009,Export,"1,728.80"
BRA,URY,Uruguay,2011,Export,22.48
BRA,URY,Uruguay,2012,Export,75.409
BRA,URY,Uruguay,2013,Export,86.168
BRA,URY,Uruguay,2014,Export,513.337
BRA,URY,Uruguay,2015,Export,0.072
BRA,URY,Uruguay,2016,Export,"1,392.31"
BRA,URY,Uruguay,2017,Export,10.035
BRA,URY,Uruguay,2018,Export,"3,576.27"
BRA,URY,Uruguay,2019,Export,165.07
BRA,URY,Uruguay,2020,Export,91.828
BRA,URY,Uruguay,2021,Export,"2,025.04"
BRA,USA,United States,1989,Export,"2,034.50"
BRA,USA,United States,1990,Export,"6,306.97"
BRA,USA,United States,1993,Export,219
BRA,USA,United States,1994,Export,"1,181.30"
BRA,USA,United States,1996,Export,"3,753.03"
BRA,USA,United States,1997,Export,"33,135.61"
BRA,USA,United States,1998,Export,"6,196.37"
BRA,USA,United States,1999,Export,592.409
BRA,USA,United States,2000,Export,971.624
BRA,USA,United States,2001,Export,"1,108.20"
BRA,USA,United States,2002,Export,768.475
BRA,USA,United States,2003,Export,448.46
BRA,USA,United States,2004,Export,"72,127.23"
BRA,USA,United States,2005,Export,0.556
BRA,USA,United States,2006,Export,"3,034.73"
BRA,USA,United States,2007,Export,49.994
BRA,USA,United States,2008,Export,619.305
BRA,USA,United States,2009,Export,560.478
BRA,USA,United States,2010,Export,58.692
BRA,USA,United States,2012,Export,0.019
BRA,USA,United States,2013,Export,"174,690.55"
BRA,USA,United States,2014,Export,"538,145.56"
BRA,USA,United States,2015,Export,624.339
BRA,USA,United States,2016,Export,0.165
BRA,USA,United States,2017,Export,0.054
BRA,USA,United States,2018,Export,964.836
BRA,USA,United States,2019,Export,"1,865.77"
BRA,USA,United States,2020,Export,119.749
BRA,USA,United States,2021,Export,"86,036.28"
BRA,UZB,Uzbekistan,1997,Export,"10,263.76"
BRA,UZB,Uzbekistan,1998,Export,"24,267.30"
BRA,UZB,Uzbekistan,2010,Export,"10,278.84"
BRA,VEN,Venezuela,1990,Export,120.72
BRA,VEN,Venezuela,1994,Export,30.024
BRA,VEN,Venezuela,1995,Export,14.04
BRA,VEN,Venezuela,1996,Export,9.149
BRA,VEN,Venezuela,1997,Export,79.529
BRA,VEN,Venezuela,1998,Export,14.271
BRA,VEN,Venezuela,1999,Export,6.719
BRA,VEN,Venezuela,2000,Export,"20,648.23"
BRA,VEN,Venezuela,2001,Export,"13,891.02"
BRA,VEN,Venezuela,2002,Export,94
BRA,VEN,Venezuela,2003,Export,10.914
BRA,VEN,Venezuela,2004,Export,"4,009.05"
BRA,VEN,Venezuela,2005,Export,386.274
BRA,VEN,Venezuela,2006,Export,"12,770.34"
BRA,VEN,Venezuela,2007,Export,"1,124.80"
BRA,VEN,Venezuela,2008,Export,"2,799.06"
BRA,VEN,Venezuela,2009,Export,"1,655.18"
BRA,VEN,Venezuela,2010,Export,"3,770.00"
BRA,VEN,Venezuela,2011,Export,"7,332.00"
BRA,VEN,Venezuela,2012,Export,"23,290.73"
BRA,VEN,Venezuela,2013,Export,"12,954.98"
BRA,VEN,Venezuela,2016,Export,176.157
BRA,VEN,Venezuela,2017,Export,483.612
BRA,VEN,Venezuela,2018,Export,"48,095.92"
BRA,VEN,Venezuela,2019,Export,"1,224.30"
BRA,VEN,Venezuela,2020,Export,10.619
BRA,VEN,Venezuela,2021,Export,32.886
BRA,VGB,British Virgin Islands,1993,Export,20.927
BRA,VGB,British Virgin Islands,1994,Export,"1,756.83"
BRA,VGB,British Virgin Islands,1995,Export,493.5
BRA,VGB,British Virgin Islands,2010,Export,17.799
BRA,VGB,British Virgin Islands,2017,Export,747.4
BRA,VGB,British Virgin Islands,2018,Export,"4,577.45"
BRA,VGB,British Virgin Islands,2019,Export,"10,727.99"
BRA,VGB,British Virgin Islands,2020,Export,"9,073.66"
BRA,VGB,British Virgin Islands,2021,Export,"3,851.94"
BRA,VNM,Vietnam,1997,Export,"1,733.05"
BRA,VNM,Vietnam,1998,Export,"1,226.50"
BRA,VNM,Vietnam,2009,Export,90.733
BRA,VNM,Vietnam,2011,Export,"258,227.31"
BRA,VNM,Vietnam,2012,Export,"291,938.04"
BRA,VNM,Vietnam,2013,Export,"307,965.02"
BRA,VNM,Vietnam,2014,Export,"219,158.84"
BRA,VNM,Vietnam,2015,Export,"260,530.34"
BRA,VNM,Vietnam,2016,Export,"108,358.35"
BRA,VNM,Vietnam,2017,Export,"230,891.44"
BRA,VNM,Vietnam,2018,Export,"135,558.58"
BRA,VNM,Vietnam,2019,Export,"236,226.45"
BRA,VNM,Vietnam,2020,Export,"239,600.79"
BRA,VNM,Vietnam,2021,Export,"553,532.75"
BRA,YUG,"Yugoslavia,FR(Serbia/Montenegr",1989,Export,"14,521.30"
BRA,ZAF,South Africa,1994,Export,"7,808.05"
BRA,ZAF,South Africa,2007,Export,9.202
BRA,ZAF,South Africa,2008,Export,77.293
BRA,ZAF,South Africa,2009,Export,31.962
BRA,ZAF,South Africa,2010,Export,25.469
BRA,ZAF,South Africa,2011,Export,33.363
BRA,ZAF,South Africa,2012,Export,31.5
BRA,ZAF,South Africa,2013,Export,0.057
BRA,ZAF,South Africa,2014,Export,"7,727.77"
BRA,ZAF,South Africa,2015,Export,"31,888.29"
BRA,ZAF,South Africa,2017,Export,0.06
BRA,ZAF,South Africa,2018,Export,0.19
BRA,ZAF,South Africa,2019,Export,0.067
BRA,ZAF,South Africa,2020,Export,"11,012.22"
BRA,ZAF,South Africa,2021,Export,5.292
BRA,ZAR,"Congo, Dem. Rep.",1996,Export,17.82
BRA,ZAR,"Congo, Dem. Rep.",2013,Export,18.455
BRA,ZAR,"Congo, Dem. Rep.",2015,Export,58.498
BRA,ZMB,Zambia,2012,Export,0.025
