Nomenclature,ReporterISO3,ProductCode,ReporterName,PartnerISO3,PartnerName,Year,TradeFlowName,TradeFlowCode,TradeValue in 1000 USD
H0,BRA,1201,Brazil,AFG,Afghanistan,2020,Export,6,1474.365
H0,BRA,1201,Brazil,AGO,Angola,1989,Export,6,8509.481
H0,BRA,1201,Brazil,AGO,Angola,1990,Export,6,1
H0,BRA,1201,Brazil,AGO,Angola,1991,Export,6,3.587
H0,BRA,1201,Brazil,AGO,Angola,1997,Export,6,11.574
H0,BRA,1201,Brazil,AGO,Angola,2004,Export,6,25.481
H0,BRA,1201,Brazil,AGO,Angola,2005,Export,6,6.75
H0,BRA,1201,Brazil,AGO,Angola,2006,Export,6,54.746
H0,BRA,1201,Brazil,AGO,Angola,2007,Export,6,53.865
H0,BRA,1201,Brazil,AGO,Angola,2008,Export,6,154.3
H0,BRA,1201,Brazil,AGO,Angola,2009,Export,6,128.276
H0,BRA,1201,Brazil,AGO,Angola,2010,Export,6,8.443
H0,BRA,1201,Brazil,AGO,Angola,2011,Export,6,349.275
H0,BRA,1201,Brazil,AGO,Angola,2012,Export,6,152.965
H0,BRA,1201,Brazil,AGO,Angola,2013,Export,6,51.071
H0,BRA,1201,Brazil,AGO,Angola,2014,Export,6,113.311
H0,BRA,1201,Brazil,AGO,Angola,2015,Export,6,3.13
H0,BRA,1201,Brazil,AGO,Angola,2016,Export,6,97.441
H0,BRA,1201,Brazil,AGO,Angola,2017,Export,6,158.962
H0,BRA,1201,Brazil,AGO,Angola,2019,Export,6,6.473
H0,BRA,1201,Brazil,AGO,Angola,2020,Export,6,209.182
H0,BRA,1201,Brazil,AGO,Angola,2021,Export,6,670.13
H0,BRA,1201,Brazil,AIA,Anguila,1992,Export,6,1643.969
H0,BRA,1201,Brazil,ANT,Netherlands Antilles,1994,Export,6,236.089
H0,BRA,1201,Brazil,ANT,Netherlands Antilles,1996,Export,6,3749.368
H0,BRA,1201,Brazil,ARE,United Arab Emirates,2004,Export,6,36558.94
H0,BRA,1201,Brazil,ARE,United Arab Emirates,2005,Export,6,12966.624
H0,BRA,1201,Brazil,ARE,United Arab Emirates,2006,Export,6,38427.761
H0,BRA,1201,Brazil,ARE,United Arab Emirates,2007,Export,6,37324.414
H0,BRA,1201,Brazil,ARE,United Arab Emirates,2011,Export,6,33.476
H0,BRA,1201,Brazil,ARE,United Arab Emirates,2013,Export,6,14884.315
H0,BRA,1201,Brazil,ARE,United Arab Emirates,2014,Export,6,23981.037
H0,BRA,1201,Brazil,ARG,Argentina,1991,Export,6,366.959
H0,BRA,1201,Brazil,ARG,Argentina,1992,Export,6,799.545
H0,BRA,1201,Brazil,ARG,Argentina,1993,Export,6,2.3
H0,BRA,1201,Brazil,ARG,Argentina,1997,Export,6,8528.544
H0,BRA,1201,Brazil,ARG,Argentina,1998,Export,6,80.5
H0,BRA,1201,Brazil,ARG,Argentina,2000,Export,6,87.012
H0,BRA,1201,Brazil,ARG,Argentina,2002,Export,6,139.925
H0,BRA,1201,Brazil,ARG,Argentina,2003,Export,6,5409.7
H0,BRA,1201,Brazil,ARG,Argentina,2004,Export,6,4151.501
H0,BRA,1201,Brazil,ARG,Argentina,2005,Export,6,3538.879
H0,BRA,1201,Brazil,ARG,Argentina,2006,Export,6,7141.805
H0,BRA,1201,Brazil,ARG,Argentina,2008,Export,6,6.985
H0,BRA,1201,Brazil,ARG,Argentina,2009,Export,6,4613.536
H0,BRA,1201,Brazil,ARG,Argentina,2011,Export,6,0.307
H0,BRA,1201,Brazil,ARG,Argentina,2012,Export,6,846.568
H0,BRA,1201,Brazil,ARG,Argentina,2013,Export,6,623.801
H0,BRA,1201,Brazil,ARG,Argentina,2014,Export,6,1263.165
H0,BRA,1201,Brazil,ARG,Argentina,2015,Export,6,125.009
H0,BRA,1201,Brazil,ARG,Argentina,2016,Export,6,6959.277
H0,BRA,1201,Brazil,ARG,Argentina,2017,Export,6,60432.077
H0,BRA,1201,Brazil,ARG,Argentina,2018,Export,6,245864.636
H0,BRA,1201,Brazil,ARG,Argentina,2019,Export,6,119679.53
H0,BRA,1201,Brazil,ARG,Argentina,2020,Export,6,124562.437
H0,BRA,1201,Brazil,ARG,Argentina,2021,Export,6,90842.375
H0,BRA,1201,Brazil,AUS,Australia,1996,Export,6,2109.8
H0,BRA,1201,Brazil,AUS,Australia,2007,Export,6,2221.582
H0,BRA,1201,Brazil,AUS,Australia,2008,Export,6,49160.283
H0,BRA,1201,Brazil,BEL,Belgium,1999,Export,6,75582.804
H0,BRA,1201,Brazil,BEL,Belgium,2000,Export,6,58716.748
H0,BRA,1201,Brazil,BEL,Belgium,2001,Export,6,139905.231
H0,BRA,1201,Brazil,BEL,Belgium,2002,Export,6,124590.762
H0,BRA,1201,Brazil,BEL,Belgium,2003,Export,6,148140.395
H0,BRA,1201,Brazil,BEL,Belgium,2004,Export,6,38023.605
H0,BRA,1201,Brazil,BEL,Belgium,2005,Export,6,7827.252
H0,BRA,1201,Brazil,BEL,Belgium,2006,Export,6,104112.705
H0,BRA,1201,Brazil,BEL,Belgium,2007,Export,6,139106.188
H0,BRA,1201,Brazil,BEL,Belgium,2008,Export,6,70877.368
H0,BRA,1201,Brazil,BEL,Belgium,2009,Export,6,102048.552
H0,BRA,1201,Brazil,BEL,Belgium,2010,Export,6,9965.109
H0,BRA,1201,Brazil,BEL,Belgium,2011,Export,6,42040.547
H0,BRA,1201,Brazil,BEL,Belgium,2012,Export,6,26369.522
H0,BRA,1201,Brazil,BEL,Belgium,2014,Export,6,7821.502
H0,BRA,1201,Brazil,BEL,Belgium,2018,Export,6,89022.649
H0,BRA,1201,Brazil,BEL,Belgium,2019,Export,6,34.048
H0,BRA,1201,Brazil,BEL,Belgium,2020,Export,6,46950.62
H0,BRA,1201,Brazil,BEL,Belgium,2021,Export,6,32116.181
H0,BRA,1201,Brazil,BEN,Benin,2017,Export,6,108.256
H0,BRA,1201,Brazil,BGD,Bangladesh,1989,Export,6,69
H0,BRA,1201,Brazil,BGD,Bangladesh,2004,Export,6,21668.685
H0,BRA,1201,Brazil,BGD,Bangladesh,2008,Export,6,16628.299
H0,BRA,1201,Brazil,BGD,Bangladesh,2009,Export,6,52599.042
H0,BRA,1201,Brazil,BGD,Bangladesh,2010,Export,6,19017.406
H0,BRA,1201,Brazil,BGD,Bangladesh,2011,Export,6,26334.766
H0,BRA,1201,Brazil,BGD,Bangladesh,2012,Export,6,23782.799
H0,BRA,1201,Brazil,BGD,Bangladesh,2013,Export,6,20436.421
H0,BRA,1201,Brazil,BGD,Bangladesh,2014,Export,6,24128.911
H0,BRA,1201,Brazil,BGD,Bangladesh,2015,Export,6,1351.966
H0,BRA,1201,Brazil,BGD,Bangladesh,2016,Export,6,20352.866
H0,BRA,1201,Brazil,BGD,Bangladesh,2018,Export,6,31045.472
H0,BRA,1201,Brazil,BGD,Bangladesh,2019,Export,6,149483.445
H0,BRA,1201,Brazil,BGD,Bangladesh,2020,Export,6,236615.687
H0,BRA,1201,Brazil,BGD,Bangladesh,2021,Export,6,410135.883
H0,BRA,1201,Brazil,BHR,Bahrain,2014,Export,6,711.193
H0,BRA,1201,Brazil,BHR,Bahrain,2019,Export,6,0.011
H0,BRA,1201,Brazil,BHS,"Bahamas, The",1989,Export,6,5.185
H0,BRA,1201,Brazil,BHS,"Bahamas, The",1996,Export,6,527.843
H0,BRA,1201,Brazil,BHS,"Bahamas, The",2017,Export,6,5235.49
H0,BRA,1201,Brazil,BHS,"Bahamas, The",2019,Export,6,0.145
H0,BRA,1201,Brazil,BIH,Bosnia and Herzegovina,2016,Export,6,26.25
H0,BRA,1201,Brazil,BLX,Belgium-Luxembourg,1989,Export,6,48103.796
H0,BRA,1201,Brazil,BLX,Belgium-Luxembourg,1990,Export,6,50674.596
H0,BRA,1201,Brazil,BLX,Belgium-Luxembourg,1991,Export,6,35788.292
H0,BRA,1201,Brazil,BLX,Belgium-Luxembourg,1992,Export,6,64006.688
H0,BRA,1201,Brazil,BLX,Belgium-Luxembourg,1993,Export,6,5905.755
H0,BRA,1201,Brazil,BLX,Belgium-Luxembourg,1994,Export,6,23195.284
H0,BRA,1201,Brazil,BLX,Belgium-Luxembourg,1995,Export,6,20146.876
H0,BRA,1201,Brazil,BLX,Belgium-Luxembourg,1996,Export,6,6821.384
H0,BRA,1201,Brazil,BLX,Belgium-Luxembourg,1997,Export,6,34305.408
H0,BRA,1201,Brazil,BLX,Belgium-Luxembourg,1998,Export,6,100157.8
H0,BRA,1201,Brazil,BLZ,Belize,2001,Export,6,90.089
H0,BRA,1201,Brazil,BMU,Bermuda,1993,Export,6,1058.1
H0,BRA,1201,Brazil,BMU,Bermuda,1994,Export,6,779.718
H0,BRA,1201,Brazil,BMU,Bermuda,1996,Export,6,1039.52
H0,BRA,1201,Brazil,BOL,Bolivia,1989,Export,6,318.03
H0,BRA,1201,Brazil,BOL,Bolivia,1991,Export,6,28.66
H0,BRA,1201,Brazil,BOL,Bolivia,1992,Export,6,13.75
H0,BRA,1201,Brazil,BOL,Bolivia,1993,Export,6,4.798
H0,BRA,1201,Brazil,BOL,Bolivia,1994,Export,6,59.287
H0,BRA,1201,Brazil,BOL,Bolivia,1995,Export,6,15.252
H0,BRA,1201,Brazil,BOL,Bolivia,1996,Export,6,460.062
H0,BRA,1201,Brazil,BOL,Bolivia,1997,Export,6,9837.731
H0,BRA,1201,Brazil,BOL,Bolivia,1998,Export,6,15384.132
H0,BRA,1201,Brazil,BOL,Bolivia,1999,Export,6,13835.52
H0,BRA,1201,Brazil,BOL,Bolivia,2000,Export,6,25651.709
H0,BRA,1201,Brazil,BOL,Bolivia,2001,Export,6,24197.213
H0,BRA,1201,Brazil,BOL,Bolivia,2002,Export,6,38104.432
H0,BRA,1201,Brazil,BOL,Bolivia,2003,Export,6,32784.208
H0,BRA,1201,Brazil,BOL,Bolivia,2004,Export,6,35147.469
H0,BRA,1201,Brazil,BOL,Bolivia,2005,Export,6,23876.478
H0,BRA,1201,Brazil,BOL,Bolivia,2006,Export,6,36961.119
H0,BRA,1201,Brazil,BOL,Bolivia,2007,Export,6,35780.753
H0,BRA,1201,Brazil,BOL,Bolivia,2008,Export,6,19344.637
H0,BRA,1201,Brazil,BOL,Bolivia,2009,Export,6,6030.799
H0,BRA,1201,Brazil,BOL,Bolivia,2010,Export,6,1.605
H0,BRA,1201,Brazil,BOL,Bolivia,2011,Export,6,0.04
H0,BRA,1201,Brazil,BOL,Bolivia,2012,Export,6,5.726
H0,BRA,1201,Brazil,BOL,Bolivia,2013,Export,6,4.503
H0,BRA,1201,Brazil,BOL,Bolivia,2014,Export,6,13.565
H0,BRA,1201,Brazil,BOL,Bolivia,2015,Export,6,10.23
H0,BRA,1201,Brazil,BOL,Bolivia,2016,Export,6,15.525
H0,BRA,1201,Brazil,BOL,Bolivia,2017,Export,6,2.079
H0,BRA,1201,Brazil,BOL,Bolivia,2018,Export,6,2.782
H0,BRA,1201,Brazil,BOL,Bolivia,2019,Export,6,21.195
H0,BRA,1201,Brazil,BOL,Bolivia,2021,Export,6,0.663
H0,BRA,1201,Brazil,CAN,Canada,1994,Export,6,5
H0,BRA,1201,Brazil,CAN,Canada,2004,Export,6,147.107
H0,BRA,1201,Brazil,CAN,Canada,2005,Export,6,68.464
H0,BRA,1201,Brazil,CAN,Canada,2008,Export,6,0.187
H0,BRA,1201,Brazil,CAN,Canada,2009,Export,6,232.421
H0,BRA,1201,Brazil,CAN,Canada,2012,Export,6,0.001
H0,BRA,1201,Brazil,CAN,Canada,2021,Export,6,15644.379
H0,BRA,1201,Brazil,CHE,Switzerland,1989,Export,6,6238.832
H0,BRA,1201,Brazil,CHE,Switzerland,1990,Export,6,17229.248
H0,BRA,1201,Brazil,CHE,Switzerland,1991,Export,6,222.49
H0,BRA,1201,Brazil,CHE,Switzerland,1992,Export,6,1065.949
H0,BRA,1201,Brazil,CHE,Switzerland,1993,Export,6,1594.058
H0,BRA,1201,Brazil,CHE,Switzerland,1994,Export,6,11237.753
H0,BRA,1201,Brazil,CHE,Switzerland,1995,Export,6,781.998
H0,BRA,1201,Brazil,CHE,Switzerland,1996,Export,6,22.08
H0,BRA,1201,Brazil,CHE,Switzerland,1998,Export,6,54.625
H0,BRA,1201,Brazil,CHE,Switzerland,2000,Export,6,672.59
H0,BRA,1201,Brazil,CHE,Switzerland,2001,Export,6,16.8
H0,BRA,1201,Brazil,CHE,Switzerland,2002,Export,6,295.831
H0,BRA,1201,Brazil,CHE,Switzerland,2003,Export,6,741.615
H0,BRA,1201,Brazil,CHE,Switzerland,2004,Export,6,49.664
H0,BRA,1201,Brazil,CHE,Switzerland,2005,Export,6,0.668
H0,BRA,1201,Brazil,CHE,Switzerland,2008,Export,6,66218.783
H0,BRA,1201,Brazil,CHE,Switzerland,2009,Export,6,11497.271
H0,BRA,1201,Brazil,CHE,Switzerland,2012,Export,6,0.06
H0,BRA,1201,Brazil,CHE,Switzerland,2013,Export,6,1808.8
H0,BRA,1201,Brazil,CHE,Switzerland,2015,Export,6,0.057
H0,BRA,1201,Brazil,CHE,Switzerland,2016,Export,6,0.367
H0,BRA,1201,Brazil,CHE,Switzerland,2018,Export,6,7825.272
H0,BRA,1201,Brazil,CHE,Switzerland,2019,Export,6,2026.381
H0,BRA,1201,Brazil,CHE,Switzerland,2021,Export,6,15170.778
H0,BRA,1201,Brazil,CHL,Chile,2000,Export,6,2957.82
H0,BRA,1201,Brazil,CHL,Chile,2001,Export,6,1204.019
H0,BRA,1201,Brazil,CHL,Chile,2004,Export,6,5129
H0,BRA,1201,Brazil,CHL,Chile,2005,Export,6,4744.656
H0,BRA,1201,Brazil,CHL,Chile,2009,Export,6,0.018
H0,BRA,1201,Brazil,CHL,Chile,2012,Export,6,1.464
H0,BRA,1201,Brazil,CHL,Chile,2013,Export,6,4.57
H0,BRA,1201,Brazil,CHL,Chile,2016,Export,6,14.07
H0,BRA,1201,Brazil,CHL,Chile,2019,Export,6,0.002
H0,BRA,1201,Brazil,CHL,Chile,2020,Export,6,0.655
H0,BRA,1201,Brazil,CHL,Chile,2021,Export,6,2.836
H0,BRA,1201,Brazil,CHN,China,1989,Export,6,79.75
H0,BRA,1201,Brazil,CHN,China,1996,Export,6,4299.41
H0,BRA,1201,Brazil,CHN,China,1997,Export,6,89827.896
H0,BRA,1201,Brazil,CHN,China,1998,Export,6,221631.04
H0,BRA,1201,Brazil,CHN,China,1999,Export,6,111289.569
H0,BRA,1201,Brazil,CHN,China,2000,Export,6,337350.321
H0,BRA,1201,Brazil,CHN,China,2001,Export,6,537663.759
H0,BRA,1201,Brazil,CHN,China,2002,Export,6,823446.123
H0,BRA,1201,Brazil,CHN,China,2003,Export,6,1313073.236
H0,BRA,1201,Brazil,CHN,China,2004,Export,6,1621735.722
H0,BRA,1201,Brazil,CHN,China,2005,Export,6,1710492.943
H0,BRA,1201,Brazil,CHN,China,2006,Export,6,2428650.146
H0,BRA,1201,Brazil,CHN,China,2007,Export,6,2831860.767
H0,BRA,1201,Brazil,CHN,China,2008,Export,6,5324052.177
H0,BRA,1201,Brazil,CHN,China,2009,Export,6,6342964.92
H0,BRA,1201,Brazil,CHN,China,2010,Export,6,7133440.544
H0,BRA,1201,Brazil,CHN,China,2011,Export,6,10951902.03
H0,BRA,1201,Brazil,CHN,China,2012,Export,6,12028317.83
H0,BRA,1201,Brazil,CHN,China,2013,Export,6,17147972.47
H0,BRA,1201,Brazil,CHN,China,2014,Export,6,16615159.62
H0,BRA,1201,Brazil,CHN,China,2015,Export,6,15787785.73
H0,BRA,1201,Brazil,CHN,China,2016,Export,6,14386114.6
H0,BRA,1201,Brazil,CHN,China,2017,Export,6,20310207.68
H0,BRA,1201,Brazil,CHN,China,2018,Export,6,27233070.72
H0,BRA,1201,Brazil,CHN,China,2019,Export,6,20452339.45
H0,BRA,1201,Brazil,CHN,China,2020,Export,6,20903176.75
H0,BRA,1201,Brazil,CHN,China,2021,Export,6,27208101.3
H0,BRA,1201,Brazil,CIV,Cote d'Ivoire,1989,Export,6,5736.304
H0,BRA,1201,Brazil,CIV,Cote d'Ivoire,2009,Export,6,22
H0,BRA,1201,Brazil,CIV,Cote d'Ivoire,2010,Export,6,12.8
H0,BRA,1201,Brazil,CMR,Cameroon,1989,Export,6,2.575
H0,BRA,1201,Brazil,CMR,Cameroon,2013,Export,6,26.63
H0,BRA,1201,Brazil,COG,"Congo, Rep.",2002,Export,6,7.02
H0,BRA,1201,Brazil,COG,"Congo, Rep.",2011,Export,6,3.146
H0,BRA,1201,Brazil,COG,"Congo, Rep.",2012,Export,6,6.505
H0,BRA,1201,Brazil,COG,"Congo, Rep.",2016,Export,6,4.565
H0,BRA,1201,Brazil,COL,Colombia,1997,Export,6,2238.729
H0,BRA,1201,Brazil,COL,Colombia,1998,Export,6,875
H0,BRA,1201,Brazil,COL,Colombia,2000,Export,6,1894.755
H0,BRA,1201,Brazil,COL,Colombia,2004,Export,6,2506.385
H0,BRA,1201,Brazil,COL,Colombia,2005,Export,6,4790.549
H0,BRA,1201,Brazil,COL,Colombia,2008,Export,6,1551.703
H0,BRA,1201,Brazil,COL,Colombia,2009,Export,6,2754.166
H0,BRA,1201,Brazil,COL,Colombia,2010,Export,6,26.35
H0,BRA,1201,Brazil,COL,Colombia,2011,Export,6,22.664
H0,BRA,1201,Brazil,COL,Colombia,2012,Export,6,2626.204
H0,BRA,1201,Brazil,COL,Colombia,2013,Export,6,0.608
H0,BRA,1201,Brazil,COL,Colombia,2016,Export,6,10.358
H0,BRA,1201,Brazil,COL,Colombia,2017,Export,6,8726.637
H0,BRA,1201,Brazil,COL,Colombia,2019,Export,6,1.385
H0,BRA,1201,Brazil,COL,Colombia,2020,Export,6,6.597
H0,BRA,1201,Brazil,COL,Colombia,2021,Export,6,524.843
H0,BRA,1201,Brazil,CPV,Cape Verde,2009,Export,6,0.173
H0,BRA,1201,Brazil,CPV,Cape Verde,2010,Export,6,0.661
H0,BRA,1201,Brazil,CPV,Cape Verde,2011,Export,6,0.99
H0,BRA,1201,Brazil,CPV,Cape Verde,2013,Export,6,0.32
H0,BRA,1201,Brazil,CRI,Costa Rica,1997,Export,6,3848.742
H0,BRA,1201,Brazil,CRI,Costa Rica,1998,Export,6,2059.199
H0,BRA,1201,Brazil,CRI,Costa Rica,2004,Export,6,5175.66
H0,BRA,1201,Brazil,CUB,Cuba,1991,Export,6,12.062
H0,BRA,1201,Brazil,CUB,Cuba,1992,Export,6,32.701
H0,BRA,1201,Brazil,CUB,Cuba,1994,Export,6,271.139
H0,BRA,1201,Brazil,CUB,Cuba,1995,Export,6,1180.199
H0,BRA,1201,Brazil,CUB,Cuba,1996,Export,6,939.499
H0,BRA,1201,Brazil,CUB,Cuba,1997,Export,6,3261.553
H0,BRA,1201,Brazil,CUB,Cuba,1998,Export,6,2606.854
H0,BRA,1201,Brazil,CUB,Cuba,1999,Export,6,3905.665
H0,BRA,1201,Brazil,CUB,Cuba,2000,Export,6,2782.201
H0,BRA,1201,Brazil,CUB,Cuba,2001,Export,6,6006.2
H0,BRA,1201,Brazil,CUB,Cuba,2002,Export,6,800.098
H0,BRA,1201,Brazil,CUB,Cuba,2003,Export,6,46.2
H0,BRA,1201,Brazil,CUB,Cuba,2005,Export,6,7756.278
H0,BRA,1201,Brazil,CUB,Cuba,2006,Export,6,104.73
H0,BRA,1201,Brazil,CUB,Cuba,2008,Export,6,89.586
H0,BRA,1201,Brazil,CUB,Cuba,2009,Export,6,108
H0,BRA,1201,Brazil,CUB,Cuba,2011,Export,6,13080.027
H0,BRA,1201,Brazil,CUB,Cuba,2012,Export,6,10303.086
H0,BRA,1201,Brazil,CUB,Cuba,2013,Export,6,107.496
H0,BRA,1201,Brazil,CUB,Cuba,2015,Export,6,102.436
H0,BRA,1201,Brazil,CUW,Curaçao,2011,Export,6,446.716
H0,BRA,1201,Brazil,CYM,Cayman Islands,1993,Export,6,636.689
H0,BRA,1201,Brazil,CYM,Cayman Islands,1995,Export,6,1490.58
H0,BRA,1201,Brazil,CYM,Cayman Islands,1996,Export,6,11420.1
H0,BRA,1201,Brazil,CYM,Cayman Islands,1997,Export,6,118.908
H0,BRA,1201,Brazil,CYM,Cayman Islands,1999,Export,6,174.539
H0,BRA,1201,Brazil,CYM,Cayman Islands,2002,Export,6,17166.568
H0,BRA,1201,Brazil,CYM,Cayman Islands,2003,Export,6,1660.514
H0,BRA,1201,Brazil,CYM,Cayman Islands,2008,Export,6,24500.441
H0,BRA,1201,Brazil,CYM,Cayman Islands,2011,Export,6,137.595
H0,BRA,1201,Brazil,CYM,Cayman Islands,2014,Export,6,550
H0,BRA,1201,Brazil,CYM,Cayman Islands,2018,Export,6,825.074
H0,BRA,1201,Brazil,CYM,Cayman Islands,2021,Export,6,635.7
H0,BRA,1201,Brazil,CYP,Cyprus,2020,Export,6,0.013
H0,BRA,1201,Brazil,DEU,Germany,1989,Export,6,84975.064
H0,BRA,1201,Brazil,DEU,Germany,1990,Export,6,42090.52
H0,BRA,1201,Brazil,DEU,Germany,1991,Export,6,33185.69
H0,BRA,1201,Brazil,DEU,Germany,1992,Export,6,58329.18
H0,BRA,1201,Brazil,DEU,Germany,1993,Export,6,38928.968
H0,BRA,1201,Brazil,DEU,Germany,1994,Export,6,107308.328
H0,BRA,1201,Brazil,DEU,Germany,1995,Export,6,45032.228
H0,BRA,1201,Brazil,DEU,Germany,1996,Export,6,57532.104
H0,BRA,1201,Brazil,DEU,Germany,1997,Export,6,128282.288
H0,BRA,1201,Brazil,DEU,Germany,1998,Export,6,257635.76
H0,BRA,1201,Brazil,DEU,Germany,1999,Export,6,155365.282
H0,BRA,1201,Brazil,DEU,Germany,2000,Export,6,201073.269
H0,BRA,1201,Brazil,DEU,Germany,2001,Export,6,279417.59
H0,BRA,1201,Brazil,DEU,Germany,2002,Export,6,307517.289
H0,BRA,1201,Brazil,DEU,Germany,2003,Export,6,493473.175
H0,BRA,1201,Brazil,DEU,Germany,2004,Export,6,498238.872
H0,BRA,1201,Brazil,DEU,Germany,2005,Export,6,224313.964
H0,BRA,1201,Brazil,DEU,Germany,2006,Export,6,242608.417
H0,BRA,1201,Brazil,DEU,Germany,2007,Export,6,117481.674
H0,BRA,1201,Brazil,DEU,Germany,2008,Export,6,475641.419
H0,BRA,1201,Brazil,DEU,Germany,2009,Export,6,453783.308
H0,BRA,1201,Brazil,DEU,Germany,2010,Export,6,134550.576
H0,BRA,1201,Brazil,DEU,Germany,2011,Export,6,189031.775
H0,BRA,1201,Brazil,DEU,Germany,2012,Export,6,284638.122
H0,BRA,1201,Brazil,DEU,Germany,2013,Export,6,167631.082
H0,BRA,1201,Brazil,DEU,Germany,2014,Export,6,327154.918
H0,BRA,1201,Brazil,DEU,Germany,2015,Export,6,176189.427
H0,BRA,1201,Brazil,DEU,Germany,2016,Export,6,272150.52
H0,BRA,1201,Brazil,DEU,Germany,2017,Export,6,20565.312
H0,BRA,1201,Brazil,DEU,Germany,2018,Export,6,93989.199
H0,BRA,1201,Brazil,DEU,Germany,2019,Export,6,20256.834
H0,BRA,1201,Brazil,DEU,Germany,2020,Export,6,11052.832
H0,BRA,1201,Brazil,DEU,Germany,2021,Export,6,548.964
H0,BRA,1201,Brazil,DNK,Denmark,1998,Export,6,3193.778
H0,BRA,1201,Brazil,DNK,Denmark,1999,Export,6,1511.58
H0,BRA,1201,Brazil,DNK,Denmark,2000,Export,6,24
H0,BRA,1201,Brazil,DNK,Denmark,2001,Export,6,61.138
H0,BRA,1201,Brazil,DNK,Denmark,2002,Export,6,1053.52
H0,BRA,1201,Brazil,DNK,Denmark,2003,Export,6,5554.963
H0,BRA,1201,Brazil,DNK,Denmark,2007,Export,6,21.442
H0,BRA,1201,Brazil,DNK,Denmark,2008,Export,6,13738.059
H0,BRA,1201,Brazil,DNK,Denmark,2009,Export,6,4710.101
H0,BRA,1201,Brazil,DNK,Denmark,2010,Export,6,4942.084
H0,BRA,1201,Brazil,DNK,Denmark,2014,Export,6,2252.018
H0,BRA,1201,Brazil,DNK,Denmark,2019,Export,6,0.028
H0,BRA,1201,Brazil,DNK,Denmark,2021,Export,6,0.007
H0,BRA,1201,Brazil,DOM,Dominican Republic,1998,Export,6,44.061
H0,BRA,1201,Brazil,DOM,Dominican Republic,2000,Export,6,6.446
H0,BRA,1201,Brazil,DOM,Dominican Republic,2019,Export,6,1904.288
H0,BRA,1201,Brazil,DZA,Algeria,2004,Export,6,31.585
H0,BRA,1201,Brazil,DZA,Algeria,2008,Export,6,1665.326
H0,BRA,1201,Brazil,DZA,Algeria,2012,Export,6,15.628
H0,BRA,1201,Brazil,DZA,Algeria,2013,Export,6,17.489
H0,BRA,1201,Brazil,DZA,Algeria,2016,Export,6,23.916
H0,BRA,1201,Brazil,DZA,Algeria,2018,Export,6,14.175
H0,BRA,1201,Brazil,DZA,Algeria,2019,Export,6,207.569
H0,BRA,1201,Brazil,DZA,Algeria,2020,Export,6,119028.358
H0,BRA,1201,Brazil,DZA,Algeria,2021,Export,6,275995.562
H0,BRA,1201,Brazil,EGY,"Egypt, Arab Rep.",1994,Export,6,1813.32
H0,BRA,1201,Brazil,EGY,"Egypt, Arab Rep.",1997,Export,6,3775
H0,BRA,1201,Brazil,EGY,"Egypt, Arab Rep.",2000,Export,6,5803.54
H0,BRA,1201,Brazil,EGY,"Egypt, Arab Rep.",2001,Export,6,512.982
H0,BRA,1201,Brazil,EGY,"Egypt, Arab Rep.",2004,Export,6,1874.557
H0,BRA,1201,Brazil,EGY,"Egypt, Arab Rep.",2005,Export,6,8224.301
H0,BRA,1201,Brazil,EGY,"Egypt, Arab Rep.",2007,Export,6,41081.162
H0,BRA,1201,Brazil,EGY,"Egypt, Arab Rep.",2008,Export,6,8489.744
H0,BRA,1201,Brazil,EGY,"Egypt, Arab Rep.",2009,Export,6,72374.5
H0,BRA,1201,Brazil,EGY,"Egypt, Arab Rep.",2011,Export,6,8305.353
H0,BRA,1201,Brazil,EGY,"Egypt, Arab Rep.",2014,Export,6,142637.786
H0,BRA,1201,Brazil,EGY,"Egypt, Arab Rep.",2015,Export,6,209459.243
H0,BRA,1201,Brazil,EGY,"Egypt, Arab Rep.",2016,Export,6,13665.786
H0,BRA,1201,Brazil,EGY,"Egypt, Arab Rep.",2017,Export,6,39505.689
H0,BRA,1201,Brazil,EGY,"Egypt, Arab Rep.",2018,Export,6,55438.556
H0,BRA,1201,Brazil,EGY,"Egypt, Arab Rep.",2021,Export,6,52879.209
H0,BRA,1201,Brazil,ESP,Spain,1989,Export,6,146744.88
H0,BRA,1201,Brazil,ESP,Spain,1990,Export,6,109331.864
H0,BRA,1201,Brazil,ESP,Spain,1991,Export,6,81634.344
H0,BRA,1201,Brazil,ESP,Spain,1992,Export,6,131482.128
H0,BRA,1201,Brazil,ESP,Spain,1993,Export,6,117152.312
H0,BRA,1201,Brazil,ESP,Spain,1994,Export,6,66786.272
H0,BRA,1201,Brazil,ESP,Spain,1995,Export,6,111951.32
H0,BRA,1201,Brazil,ESP,Spain,1996,Export,6,86159.112
H0,BRA,1201,Brazil,ESP,Spain,1997,Export,6,239978.032
H0,BRA,1201,Brazil,ESP,Spain,1998,Export,6,221128.192
H0,BRA,1201,Brazil,ESP,Spain,1999,Export,6,251217.058
H0,BRA,1201,Brazil,ESP,Spain,2000,Export,6,223032.882
H0,BRA,1201,Brazil,ESP,Spain,2001,Export,6,232684.699
H0,BRA,1201,Brazil,ESP,Spain,2002,Export,6,223586.719
H0,BRA,1201,Brazil,ESP,Spain,2003,Export,6,334061.389
H0,BRA,1201,Brazil,ESP,Spain,2004,Export,6,418310.463
H0,BRA,1201,Brazil,ESP,Spain,2005,Export,6,481285.925
H0,BRA,1201,Brazil,ESP,Spain,2006,Export,6,428357.415
H0,BRA,1201,Brazil,ESP,Spain,2007,Export,6,659924.669
H0,BRA,1201,Brazil,ESP,Spain,2008,Export,6,1161601.262
H0,BRA,1201,Brazil,ESP,Spain,2009,Export,6,791891.231
H0,BRA,1201,Brazil,ESP,Spain,2010,Export,6,740226.554
H0,BRA,1201,Brazil,ESP,Spain,2011,Export,6,1192918.326
H0,BRA,1201,Brazil,ESP,Spain,2012,Export,6,1130223.512
H0,BRA,1201,Brazil,ESP,Spain,2013,Export,6,1058680.239
H0,BRA,1201,Brazil,ESP,Spain,2014,Export,6,1072905.253
H0,BRA,1201,Brazil,ESP,Spain,2015,Export,6,909472.45
H0,BRA,1201,Brazil,ESP,Spain,2016,Export,6,598682.311
H0,BRA,1201,Brazil,ESP,Spain,2017,Export,6,757680.547
H0,BRA,1201,Brazil,ESP,Spain,2018,Export,6,739563.82
H0,BRA,1201,Brazil,ESP,Spain,2019,Export,6,756712.458
H0,BRA,1201,Brazil,ESP,Spain,2020,Export,6,956739.886
H0,BRA,1201,Brazil,ESP,Spain,2021,Export,6,1665074.447
H0,BRA,1201,Brazil,EST,Estonia,1993,Export,6,10475.569
H0,BRA,1201,Brazil,EST,Estonia,1994,Export,6,17986.512
H0,BRA,1201,Brazil,ETF,Ethiopia(includes Eritrea),1989,Export,6,1165
H0,BRA,1201,Brazil,FIN,Finland,2002,Export,6,7781.809
H0,BRA,1201,Brazil,FIN,Finland,2003,Export,6,9385.8
H0,BRA,1201,Brazil,FIN,Finland,2004,Export,6,5502
H0,BRA,1201,Brazil,FIN,Finland,2005,Export,6,30.633
H0,BRA,1201,Brazil,FIN,Finland,2007,Export,6,8.248
H0,BRA,1201,Brazil,FIN,Finland,2013,Export,6,19826.973
H0,BRA,1201,Brazil,FIN,Finland,2014,Export,6,24163.544
H0,BRA,1201,Brazil,FIN,Finland,2015,Export,6,226.055
H0,BRA,1201,Brazil,FIN,Finland,2016,Export,6,325.288
H0,BRA,1201,Brazil,FIN,Finland,2017,Export,6,446.897
H0,BRA,1201,Brazil,FIN,Finland,2018,Export,6,503.497
H0,BRA,1201,Brazil,FIN,Finland,2019,Export,6,154.484
H0,BRA,1201,Brazil,FIN,Finland,2020,Export,6,174.505
H0,BRA,1201,Brazil,FIN,Finland,2021,Export,6,27.054
H0,BRA,1201,Brazil,FRA,France,1989,Export,6,29657.52
H0,BRA,1201,Brazil,FRA,France,1990,Export,6,30768.256
H0,BRA,1201,Brazil,FRA,France,1991,Export,6,9726.479
H0,BRA,1201,Brazil,FRA,France,1992,Export,6,15322.628
H0,BRA,1201,Brazil,FRA,France,1993,Export,6,6149.839
H0,BRA,1201,Brazil,FRA,France,1994,Export,6,27731.436
H0,BRA,1201,Brazil,FRA,France,1995,Export,6,44744.2
H0,BRA,1201,Brazil,FRA,France,1996,Export,6,23194.464
H0,BRA,1201,Brazil,FRA,France,1997,Export,6,51552.844
H0,BRA,1201,Brazil,FRA,France,1998,Export,6,49017.896
H0,BRA,1201,Brazil,FRA,France,1999,Export,6,46792.152
H0,BRA,1201,Brazil,FRA,France,2000,Export,6,35996.361
H0,BRA,1201,Brazil,FRA,France,2001,Export,6,80863.021
H0,BRA,1201,Brazil,FRA,France,2002,Export,6,94540.413
H0,BRA,1201,Brazil,FRA,France,2003,Export,6,130265.157
H0,BRA,1201,Brazil,FRA,France,2004,Export,6,49191.852
H0,BRA,1201,Brazil,FRA,France,2005,Export,6,82941.184
H0,BRA,1201,Brazil,FRA,France,2006,Export,6,37662.757
H0,BRA,1201,Brazil,FRA,France,2007,Export,6,69538.251
H0,BRA,1201,Brazil,FRA,France,2008,Export,6,117221.042
H0,BRA,1201,Brazil,FRA,France,2009,Export,6,150732.367
H0,BRA,1201,Brazil,FRA,France,2010,Export,6,45026.166
H0,BRA,1201,Brazil,FRA,France,2011,Export,6,107540.742
H0,BRA,1201,Brazil,FRA,France,2012,Export,6,281399.805
H0,BRA,1201,Brazil,FRA,France,2013,Export,6,79624.723
H0,BRA,1201,Brazil,FRA,France,2014,Export,6,99921.025
H0,BRA,1201,Brazil,FRA,France,2015,Export,6,129552.228
H0,BRA,1201,Brazil,FRA,France,2016,Export,6,94196.433
H0,BRA,1201,Brazil,FRA,France,2017,Export,6,85918.088
H0,BRA,1201,Brazil,FRA,France,2018,Export,6,42709.447
H0,BRA,1201,Brazil,FRA,France,2019,Export,6,50502.731
H0,BRA,1201,Brazil,FRA,France,2020,Export,6,27118.377
H0,BRA,1201,Brazil,FRA,France,2021,Export,6,89769.157
H0,BRA,1201,Brazil,GBR,United Kingdom,1989,Export,6,4528.126
H0,BRA,1201,Brazil,GBR,United Kingdom,1990,Export,6,10019.656
H0,BRA,1201,Brazil,GBR,United Kingdom,1991,Export,6,10095.567
H0,BRA,1201,Brazil,GBR,United Kingdom,1992,Export,6,38264.856
H0,BRA,1201,Brazil,GBR,United Kingdom,1993,Export,6,3667.376
H0,BRA,1201,Brazil,GBR,United Kingdom,1994,Export,6,27825.808
H0,BRA,1201,Brazil,GBR,United Kingdom,1996,Export,6,24984.176
H0,BRA,1201,Brazil,GBR,United Kingdom,1997,Export,6,46489.06
H0,BRA,1201,Brazil,GBR,United Kingdom,1998,Export,6,96133.792
H0,BRA,1201,Brazil,GBR,United Kingdom,1999,Export,6,81590.511
H0,BRA,1201,Brazil,GBR,United Kingdom,2000,Export,6,73131.495
H0,BRA,1201,Brazil,GBR,United Kingdom,2001,Export,6,91080.131
H0,BRA,1201,Brazil,GBR,United Kingdom,2002,Export,6,128576.713
H0,BRA,1201,Brazil,GBR,United Kingdom,2003,Export,6,136404.35
H0,BRA,1201,Brazil,GBR,United Kingdom,2004,Export,6,146815.907
H0,BRA,1201,Brazil,GBR,United Kingdom,2005,Export,6,153009.366
H0,BRA,1201,Brazil,GBR,United Kingdom,2006,Export,6,132916.77
H0,BRA,1201,Brazil,GBR,United Kingdom,2007,Export,6,174866.587
H0,BRA,1201,Brazil,GBR,United Kingdom,2008,Export,6,229453.645
H0,BRA,1201,Brazil,GBR,United Kingdom,2009,Export,6,261341.273
H0,BRA,1201,Brazil,GBR,United Kingdom,2010,Export,6,251697.553
H0,BRA,1201,Brazil,GBR,United Kingdom,2011,Export,6,333799.82
H0,BRA,1201,Brazil,GBR,United Kingdom,2012,Export,6,300607.387
H0,BRA,1201,Brazil,GBR,United Kingdom,2013,Export,6,241917.791
H0,BRA,1201,Brazil,GBR,United Kingdom,2014,Export,6,148241.501
H0,BRA,1201,Brazil,GBR,United Kingdom,2015,Export,6,143934.134
H0,BRA,1201,Brazil,GBR,United Kingdom,2016,Export,6,154397.666
H0,BRA,1201,Brazil,GBR,United Kingdom,2017,Export,6,247569.84
H0,BRA,1201,Brazil,GBR,United Kingdom,2018,Export,6,155233.792
H0,BRA,1201,Brazil,GBR,United Kingdom,2019,Export,6,141521.342
H0,BRA,1201,Brazil,GBR,United Kingdom,2020,Export,6,220983.557
H0,BRA,1201,Brazil,GBR,United Kingdom,2021,Export,6,154785.517
H0,BRA,1201,Brazil,GEO,Georgia,2011,Export,6,13638.705
H0,BRA,1201,Brazil,GHA,Ghana,2010,Export,6,1110
H0,BRA,1201,Brazil,GHA,Ghana,2011,Export,6,270.642
H0,BRA,1201,Brazil,GHA,Ghana,2012,Export,6,3095.317
H0,BRA,1201,Brazil,GHA,Ghana,2017,Export,6,29.437
H0,BRA,1201,Brazil,GHA,Ghana,2020,Export,6,4.8
H0,BRA,1201,Brazil,GHA,Ghana,2021,Export,6,108.99
H0,BRA,1201,Brazil,GIB,Gibraltar,1989,Export,6,7355.824
H0,BRA,1201,Brazil,GIB,Gibraltar,1990,Export,6,10335.744
H0,BRA,1201,Brazil,GIB,Gibraltar,1991,Export,6,15197.949
H0,BRA,1201,Brazil,GIB,Gibraltar,1993,Export,6,257.949
H0,BRA,1201,Brazil,GIB,Gibraltar,1998,Export,6,1203.26
H0,BRA,1201,Brazil,GIB,Gibraltar,1999,Export,6,2940.495
H0,BRA,1201,Brazil,GIB,Gibraltar,2000,Export,6,1110
H0,BRA,1201,Brazil,GIB,Gibraltar,2005,Export,6,691.17
H0,BRA,1201,Brazil,GIB,Gibraltar,2009,Export,6,8504.4
H0,BRA,1201,Brazil,GMB,"Gambia, The",2015,Export,6,337.392
H0,BRA,1201,Brazil,GNQ,Equatorial Guinea,2013,Export,6,1.786
H0,BRA,1201,Brazil,GNQ,Equatorial Guinea,2014,Export,6,6.067
H0,BRA,1201,Brazil,GNQ,Equatorial Guinea,2015,Export,6,8.556
H0,BRA,1201,Brazil,GRC,Greece,1997,Export,6,10594.423
H0,BRA,1201,Brazil,GRC,Greece,1998,Export,6,17375.772
H0,BRA,1201,Brazil,GRC,Greece,1999,Export,6,11210.442
H0,BRA,1201,Brazil,GRC,Greece,2000,Export,6,6272.935
H0,BRA,1201,Brazil,GRC,Greece,2001,Export,6,8856.926
H0,BRA,1201,Brazil,GRC,Greece,2002,Export,6,19053.347
H0,BRA,1201,Brazil,GRC,Greece,2003,Export,6,22701.09
H0,BRA,1201,Brazil,GRC,Greece,2004,Export,6,34336.425
H0,BRA,1201,Brazil,GRC,Greece,2005,Export,6,26924.033
H0,BRA,1201,Brazil,GRC,Greece,2006,Export,6,44731.286
H0,BRA,1201,Brazil,GRC,Greece,2007,Export,6,44330.511
H0,BRA,1201,Brazil,GRC,Greece,2008,Export,6,54752.871
H0,BRA,1201,Brazil,GRC,Greece,2009,Export,6,30723.405
H0,BRA,1201,Brazil,GRC,Greece,2010,Export,6,16188.828
H0,BRA,1201,Brazil,GRC,Greece,2011,Export,6,20657.686
H0,BRA,1201,Brazil,GRC,Greece,2014,Export,6,5115.432
H0,BRA,1201,Brazil,GRC,Greece,2015,Export,6,3053.687
H0,BRA,1201,Brazil,GRC,Greece,2017,Export,6,5362.31
H0,BRA,1201,Brazil,GRC,Greece,2018,Export,6,19173.099
H0,BRA,1201,Brazil,GRC,Greece,2019,Export,6,3462.082
H0,BRA,1201,Brazil,GRC,Greece,2020,Export,6,35842.619
H0,BRA,1201,Brazil,GRC,Greece,2021,Export,6,49316.136
H0,BRA,1201,Brazil,GTM,Guatemala,1989,Export,6,642.12
H0,BRA,1201,Brazil,GTM,Guatemala,1990,Export,6,167.96
H0,BRA,1201,Brazil,GTM,Guatemala,1991,Export,6,301.875
H0,BRA,1201,Brazil,GTM,Guatemala,1992,Export,6,343.412
H0,BRA,1201,Brazil,GTM,Guatemala,1993,Export,6,251.897
H0,BRA,1201,Brazil,GTM,Guatemala,1994,Export,6,325.09
H0,BRA,1201,Brazil,GTM,Guatemala,1995,Export,6,132.899
H0,BRA,1201,Brazil,GTM,Guatemala,1996,Export,6,42.75
H0,BRA,1201,Brazil,GTM,Guatemala,1997,Export,6,57.397
H0,BRA,1201,Brazil,GTM,Guatemala,1998,Export,6,145.199
H0,BRA,1201,Brazil,GTM,Guatemala,1999,Export,6,62.261
H0,BRA,1201,Brazil,GTM,Guatemala,2000,Export,6,25.402
H0,BRA,1201,Brazil,GTM,Guatemala,2001,Export,6,8
H0,BRA,1201,Brazil,GTM,Guatemala,2004,Export,6,4.5
H0,BRA,1201,Brazil,GTM,Guatemala,2005,Export,6,11.866
H0,BRA,1201,Brazil,GTM,Guatemala,2008,Export,6,147
H0,BRA,1201,Brazil,GUY,Guyana,2012,Export,6,38
H0,BRA,1201,Brazil,GUY,Guyana,2013,Export,6,585.059
H0,BRA,1201,Brazil,GUY,Guyana,2014,Export,6,751.825
H0,BRA,1201,Brazil,GUY,Guyana,2015,Export,6,609.292
H0,BRA,1201,Brazil,GUY,Guyana,2016,Export,6,353.179
H0,BRA,1201,Brazil,GUY,Guyana,2021,Export,6,4.107
H0,BRA,1201,Brazil,HKG,"Hong Kong, China",2001,Export,6,1183.28
H0,BRA,1201,Brazil,HKG,"Hong Kong, China",2012,Export,6,440.044
H0,BRA,1201,Brazil,HKG,"Hong Kong, China",2013,Export,6,4749.51
H0,BRA,1201,Brazil,HKG,"Hong Kong, China",2019,Export,6,0.139
H0,BRA,1201,Brazil,HKG,"Hong Kong, China",2020,Export,6,0.083
H0,BRA,1201,Brazil,HKG,"Hong Kong, China",2021,Export,6,0.153
H0,BRA,1201,Brazil,HRV,Croatia,1996,Export,6,3300.983
H0,BRA,1201,Brazil,HRV,Croatia,2000,Export,6,5381.558
H0,BRA,1201,Brazil,HRV,Croatia,2001,Export,6,11964.593
H0,BRA,1201,Brazil,HRV,Croatia,2002,Export,6,14782.958
H0,BRA,1201,Brazil,HRV,Croatia,2003,Export,6,16034.99
H0,BRA,1201,Brazil,HRV,Croatia,2004,Export,6,6958.047
H0,BRA,1201,Brazil,HRV,Croatia,2005,Export,6,28715.621
H0,BRA,1201,Brazil,HRV,Croatia,2006,Export,6,5461.413
H0,BRA,1201,Brazil,HRV,Croatia,2008,Export,6,15443.945
H0,BRA,1201,Brazil,HRV,Croatia,2010,Export,6,19806.055
H0,BRA,1201,Brazil,HUN,Hungary,1997,Export,6,2834.68
H0,BRA,1201,Brazil,IDN,Indonesia,1989,Export,6,17240.724
H0,BRA,1201,Brazil,IDN,Indonesia,1990,Export,6,4582.722
H0,BRA,1201,Brazil,IDN,Indonesia,1992,Export,6,4317.757
H0,BRA,1201,Brazil,IDN,Indonesia,1993,Export,6,4513.141
H0,BRA,1201,Brazil,IDN,Indonesia,1994,Export,6,4727.25
H0,BRA,1201,Brazil,IDN,Indonesia,1996,Export,6,2463.25
H0,BRA,1201,Brazil,IDN,Indonesia,2008,Export,6,4561.02
H0,BRA,1201,Brazil,IDN,Indonesia,2010,Export,6,873.719
H0,BRA,1201,Brazil,IDN,Indonesia,2011,Export,6,5878.2
H0,BRA,1201,Brazil,IDN,Indonesia,2013,Export,6,124.503
H0,BRA,1201,Brazil,IDN,Indonesia,2015,Export,6,1684.145
H0,BRA,1201,Brazil,IDN,Indonesia,2017,Export,6,177.652
H0,BRA,1201,Brazil,IDN,Indonesia,2018,Export,6,10699.034
H0,BRA,1201,Brazil,IDN,Indonesia,2019,Export,6,6272.504
H0,BRA,1201,Brazil,IDN,Indonesia,2021,Export,6,3094.187
H0,BRA,1201,Brazil,IND,India,2002,Export,6,388.4
H0,BRA,1201,Brazil,IND,India,2008,Export,6,363.99
H0,BRA,1201,Brazil,IND,India,2013,Export,6,543.461
H0,BRA,1201,Brazil,IND,India,2016,Export,6,148.551
H0,BRA,1201,Brazil,IRL,Ireland,1989,Export,6,280.435
H0,BRA,1201,Brazil,IRL,Ireland,1992,Export,6,737.425
H0,BRA,1201,Brazil,IRL,Ireland,2000,Export,6,1077.444
H0,BRA,1201,Brazil,IRL,Ireland,2001,Export,6,2412.224
H0,BRA,1201,Brazil,IRL,Ireland,2002,Export,6,830.73
H0,BRA,1201,Brazil,IRL,Ireland,2003,Export,6,4335.296
H0,BRA,1201,Brazil,IRL,Ireland,2004,Export,6,3360.765
H0,BRA,1201,Brazil,IRL,Ireland,2005,Export,6,9560.688
H0,BRA,1201,Brazil,IRL,Ireland,2006,Export,6,3523.571
H0,BRA,1201,Brazil,IRL,Ireland,2007,Export,6,4568.69
H0,BRA,1201,Brazil,IRL,Ireland,2010,Export,6,190.432
H0,BRA,1201,Brazil,IRL,Ireland,2011,Export,6,0.053
H0,BRA,1201,Brazil,IRL,Ireland,2020,Export,6,4564.486
H0,BRA,1201,Brazil,IRN,"Iran, Islamic Rep.",1998,Export,6,4029.076
H0,BRA,1201,Brazil,IRN,"Iran, Islamic Rep.",1999,Export,6,16863.386
H0,BRA,1201,Brazil,IRN,"Iran, Islamic Rep.",2000,Export,6,61839.852
H0,BRA,1201,Brazil,IRN,"Iran, Islamic Rep.",2001,Export,6,76494.419
H0,BRA,1201,Brazil,IRN,"Iran, Islamic Rep.",2002,Export,6,64318.87
H0,BRA,1201,Brazil,IRN,"Iran, Islamic Rep.",2003,Export,6,77224.31
H0,BRA,1201,Brazil,IRN,"Iran, Islamic Rep.",2004,Export,6,181500.261
H0,BRA,1201,Brazil,IRN,"Iran, Islamic Rep.",2005,Export,6,200209.867
H0,BRA,1201,Brazil,IRN,"Iran, Islamic Rep.",2006,Export,6,214994.182
H0,BRA,1201,Brazil,IRN,"Iran, Islamic Rep.",2007,Export,6,111086.497
H0,BRA,1201,Brazil,IRN,"Iran, Islamic Rep.",2008,Export,6,23442.829
H0,BRA,1201,Brazil,IRN,"Iran, Islamic Rep.",2009,Export,6,48682.06
H0,BRA,1201,Brazil,IRN,"Iran, Islamic Rep.",2010,Export,6,21082.839
H0,BRA,1201,Brazil,IRN,"Iran, Islamic Rep.",2011,Export,6,86502.486
H0,BRA,1201,Brazil,IRN,"Iran, Islamic Rep.",2012,Export,6,10355.726
H0,BRA,1201,Brazil,IRN,"Iran, Islamic Rep.",2013,Export,6,72669.197
H0,BRA,1201,Brazil,IRN,"Iran, Islamic Rep.",2014,Export,6,32659.965
H0,BRA,1201,Brazil,IRN,"Iran, Islamic Rep.",2015,Export,6,211101.228
H0,BRA,1201,Brazil,IRN,"Iran, Islamic Rep.",2016,Export,6,467882.533
H0,BRA,1201,Brazil,IRN,"Iran, Islamic Rep.",2017,Export,6,469123.723
H0,BRA,1201,Brazil,IRN,"Iran, Islamic Rep.",2018,Export,6,511283.027
H0,BRA,1201,Brazil,IRN,"Iran, Islamic Rep.",2019,Export,6,544789.51
H0,BRA,1201,Brazil,IRN,"Iran, Islamic Rep.",2020,Export,6,245421.529
H0,BRA,1201,Brazil,IRN,"Iran, Islamic Rep.",2021,Export,6,560650.792
H0,BRA,1201,Brazil,ISR,Israel,2003,Export,6,45066.827
H0,BRA,1201,Brazil,ISR,Israel,2004,Export,6,56433.026
H0,BRA,1201,Brazil,ISR,Israel,2005,Export,6,59227.881
H0,BRA,1201,Brazil,ISR,Israel,2006,Export,6,11581.248
H0,BRA,1201,Brazil,ISR,Israel,2007,Export,6,56447.168
H0,BRA,1201,Brazil,ISR,Israel,2008,Export,6,34687.382
H0,BRA,1201,Brazil,ISR,Israel,2009,Export,6,30853.023
H0,BRA,1201,Brazil,ISR,Israel,2010,Export,6,8914.096
H0,BRA,1201,Brazil,ISR,Israel,2011,Export,6,52653.627
H0,BRA,1201,Brazil,ISR,Israel,2012,Export,6,4548.395
H0,BRA,1201,Brazil,ISR,Israel,2013,Export,6,7747.789
H0,BRA,1201,Brazil,ISR,Israel,2014,Export,6,31474.964
H0,BRA,1201,Brazil,ISR,Israel,2015,Export,6,38007.177
H0,BRA,1201,Brazil,ISR,Israel,2016,Export,6,23506.476
H0,BRA,1201,Brazil,ISR,Israel,2017,Export,6,43307.62
H0,BRA,1201,Brazil,ISR,Israel,2018,Export,6,57682.159
H0,BRA,1201,Brazil,ISR,Israel,2019,Export,6,49534.61
H0,BRA,1201,Brazil,ISR,Israel,2020,Export,6,65623.026
H0,BRA,1201,Brazil,ISR,Israel,2021,Export,6,82483.057
H0,BRA,1201,Brazil,ITA,Italy,1989,Export,6,107306.472
H0,BRA,1201,Brazil,ITA,Italy,1990,Export,6,57893.896
H0,BRA,1201,Brazil,ITA,Italy,1991,Export,6,22846.07
H0,BRA,1201,Brazil,ITA,Italy,1992,Export,6,56718.024
H0,BRA,1201,Brazil,ITA,Italy,1993,Export,6,63789.544
H0,BRA,1201,Brazil,ITA,Italy,1994,Export,6,65210.54
H0,BRA,1201,Brazil,ITA,Italy,1995,Export,6,22555.204
H0,BRA,1201,Brazil,ITA,Italy,1996,Export,6,39971.432
H0,BRA,1201,Brazil,ITA,Italy,1997,Export,6,61523.656
H0,BRA,1201,Brazil,ITA,Italy,1998,Export,6,76337.416
H0,BRA,1201,Brazil,ITA,Italy,1999,Export,6,77485.718
H0,BRA,1201,Brazil,ITA,Italy,2000,Export,6,85103.88
H0,BRA,1201,Brazil,ITA,Italy,2001,Export,6,120967.095
H0,BRA,1201,Brazil,ITA,Italy,2002,Export,6,97166.908
H0,BRA,1201,Brazil,ITA,Italy,2003,Export,6,165066.287
H0,BRA,1201,Brazil,ITA,Italy,2004,Export,6,240282.645
H0,BRA,1201,Brazil,ITA,Italy,2005,Export,6,319738.483
H0,BRA,1201,Brazil,ITA,Italy,2006,Export,6,240880.81
H0,BRA,1201,Brazil,ITA,Italy,2007,Export,6,331861.321
H0,BRA,1201,Brazil,ITA,Italy,2008,Export,6,477469.365
H0,BRA,1201,Brazil,ITA,Italy,2009,Export,6,278507.515
H0,BRA,1201,Brazil,ITA,Italy,2010,Export,6,213132.825
H0,BRA,1201,Brazil,ITA,Italy,2011,Export,6,73269.297
H0,BRA,1201,Brazil,ITA,Italy,2012,Export,6,73643.52
H0,BRA,1201,Brazil,ITA,Italy,2013,Export,6,190681.52
H0,BRA,1201,Brazil,ITA,Italy,2014,Export,6,249688.716
H0,BRA,1201,Brazil,ITA,Italy,2015,Export,6,34198.189
H0,BRA,1201,Brazil,ITA,Italy,2016,Export,6,185516.931
H0,BRA,1201,Brazil,ITA,Italy,2017,Export,6,119814.853
H0,BRA,1201,Brazil,ITA,Italy,2018,Export,6,90248.86
H0,BRA,1201,Brazil,ITA,Italy,2019,Export,6,80700.678
H0,BRA,1201,Brazil,ITA,Italy,2020,Export,6,210697.687
H0,BRA,1201,Brazil,ITA,Italy,2021,Export,6,382191.917
H0,BRA,1201,Brazil,JOR,Jordan,2009,Export,6,0.054
H0,BRA,1201,Brazil,JPN,Japan,1989,Export,6,152821.776
H0,BRA,1201,Brazil,JPN,Japan,1990,Export,6,164595.808
H0,BRA,1201,Brazil,JPN,Japan,1991,Export,6,54139.148
H0,BRA,1201,Brazil,JPN,Japan,1992,Export,6,91845.12
H0,BRA,1201,Brazil,JPN,Japan,1993,Export,6,77377.264
H0,BRA,1201,Brazil,JPN,Japan,1994,Export,6,120422.52
H0,BRA,1201,Brazil,JPN,Japan,1995,Export,6,69743.376
H0,BRA,1201,Brazil,JPN,Japan,1996,Export,6,86886.696
H0,BRA,1201,Brazil,JPN,Japan,1997,Export,6,136601.648
H0,BRA,1201,Brazil,JPN,Japan,1998,Export,6,68593.648
H0,BRA,1201,Brazil,JPN,Japan,1999,Export,6,64469.686
H0,BRA,1201,Brazil,JPN,Japan,2000,Export,6,103224.471
H0,BRA,1201,Brazil,JPN,Japan,2001,Export,6,137360.935
H0,BRA,1201,Brazil,JPN,Japan,2002,Export,6,140012.555
H0,BRA,1201,Brazil,JPN,Japan,2003,Export,6,140000.544
H0,BRA,1201,Brazil,JPN,Japan,2004,Export,6,97270.099
H0,BRA,1201,Brazil,JPN,Japan,2005,Export,6,96647.989
H0,BRA,1201,Brazil,JPN,Japan,2006,Export,6,49850.203
H0,BRA,1201,Brazil,JPN,Japan,2007,Export,6,109020.475
H0,BRA,1201,Brazil,JPN,Japan,2008,Export,6,214994.996
H0,BRA,1201,Brazil,JPN,Japan,2009,Export,6,245862.636
H0,BRA,1201,Brazil,JPN,Japan,2010,Export,6,192576.333
H0,BRA,1201,Brazil,JPN,Japan,2011,Export,6,253805.037
H0,BRA,1201,Brazil,JPN,Japan,2012,Export,6,297345.757
H0,BRA,1201,Brazil,JPN,Japan,2013,Export,6,328959.061
H0,BRA,1201,Brazil,JPN,Japan,2014,Export,6,299754.455
H0,BRA,1201,Brazil,JPN,Japan,2015,Export,6,185150.481
H0,BRA,1201,Brazil,JPN,Japan,2016,Export,6,171740.443
H0,BRA,1201,Brazil,JPN,Japan,2017,Export,6,175400.275
H0,BRA,1201,Brazil,JPN,Japan,2018,Export,6,219731.626
H0,BRA,1201,Brazil,JPN,Japan,2019,Export,6,180315.747
H0,BRA,1201,Brazil,JPN,Japan,2020,Export,6,156083.924
H0,BRA,1201,Brazil,JPN,Japan,2021,Export,6,216322.389
H0,BRA,1201,Brazil,KHM,Cambodia,2019,Export,6,3.766
H0,BRA,1201,Brazil,KOR,"Korea, Rep.",1989,Export,6,34228.664
H0,BRA,1201,Brazil,KOR,"Korea, Rep.",1990,Export,6,24654.124
H0,BRA,1201,Brazil,KOR,"Korea, Rep.",1992,Export,6,3586.412
H0,BRA,1201,Brazil,KOR,"Korea, Rep.",1993,Export,6,11953.968
H0,BRA,1201,Brazil,KOR,"Korea, Rep.",1994,Export,6,18486.312
H0,BRA,1201,Brazil,KOR,"Korea, Rep.",1995,Export,6,7659.6
H0,BRA,1201,Brazil,KOR,"Korea, Rep.",1996,Export,6,29849.54
H0,BRA,1201,Brazil,KOR,"Korea, Rep.",1997,Export,6,10160.651
H0,BRA,1201,Brazil,KOR,"Korea, Rep.",1998,Export,6,7463.05
H0,BRA,1201,Brazil,KOR,"Korea, Rep.",1999,Export,6,9003.292
H0,BRA,1201,Brazil,KOR,"Korea, Rep.",2000,Export,6,20940.892
H0,BRA,1201,Brazil,KOR,"Korea, Rep.",2001,Export,6,16642.864
H0,BRA,1201,Brazil,KOR,"Korea, Rep.",2002,Export,6,31905.565
H0,BRA,1201,Brazil,KOR,"Korea, Rep.",2003,Export,6,53188.94
H0,BRA,1201,Brazil,KOR,"Korea, Rep.",2004,Export,6,19489.246
H0,BRA,1201,Brazil,KOR,"Korea, Rep.",2005,Export,6,109588.698
H0,BRA,1201,Brazil,KOR,"Korea, Rep.",2006,Export,6,122553.435
H0,BRA,1201,Brazil,KOR,"Korea, Rep.",2007,Export,6,169137.001
H0,BRA,1201,Brazil,KOR,"Korea, Rep.",2008,Export,6,231627.758
H0,BRA,1201,Brazil,KOR,"Korea, Rep.",2009,Export,6,207861.479
H0,BRA,1201,Brazil,KOR,"Korea, Rep.",2010,Export,6,166841.313
H0,BRA,1201,Brazil,KOR,"Korea, Rep.",2011,Export,6,213162.808
H0,BRA,1201,Brazil,KOR,"Korea, Rep.",2012,Export,6,179735.773
H0,BRA,1201,Brazil,KOR,"Korea, Rep.",2013,Export,6,188524.001
H0,BRA,1201,Brazil,KOR,"Korea, Rep.",2014,Export,6,215816.187
H0,BRA,1201,Brazil,KOR,"Korea, Rep.",2015,Export,6,277741.325
H0,BRA,1201,Brazil,KOR,"Korea, Rep.",2016,Export,6,197937.309
H0,BRA,1201,Brazil,KOR,"Korea, Rep.",2017,Export,6,180049.953
H0,BRA,1201,Brazil,KOR,"Korea, Rep.",2018,Export,6,197813.509
H0,BRA,1201,Brazil,KOR,"Korea, Rep.",2019,Export,6,38537.538
H0,BRA,1201,Brazil,KOR,"Korea, Rep.",2020,Export,6,199980.912
H0,BRA,1201,Brazil,KOR,"Korea, Rep.",2021,Export,6,256659.372
H0,BRA,1201,Brazil,LBN,Lebanon,2009,Export,6,0.315
H0,BRA,1201,Brazil,LBN,Lebanon,2019,Export,6,4787.375
H0,BRA,1201,Brazil,LBR,Liberia,1992,Export,6,1047.3
H0,BRA,1201,Brazil,LBR,Liberia,2019,Export,6,0.06
H0,BRA,1201,Brazil,LBR,Liberia,2021,Export,6,0.02
H0,BRA,1201,Brazil,LCA,St. Lucia,2005,Export,6,0.46
H0,BRA,1201,Brazil,LCA,St. Lucia,2007,Export,6,2595.96
H0,BRA,1201,Brazil,LCA,St. Lucia,2008,Export,6,9780.446
H0,BRA,1201,Brazil,LCA,St. Lucia,2009,Export,6,68261.123
H0,BRA,1201,Brazil,LCA,St. Lucia,2010,Export,6,53666.767
H0,BRA,1201,Brazil,LCA,St. Lucia,2011,Export,6,163415.713
H0,BRA,1201,Brazil,LCA,St. Lucia,2012,Export,6,125409.997
H0,BRA,1201,Brazil,LCA,St. Lucia,2013,Export,6,220507.228
H0,BRA,1201,Brazil,LCA,St. Lucia,2014,Export,6,148710.586
H0,BRA,1201,Brazil,LCA,St. Lucia,2015,Export,6,194419.513
H0,BRA,1201,Brazil,LCA,St. Lucia,2016,Export,6,148354.267
H0,BRA,1201,Brazil,LCA,St. Lucia,2017,Export,6,104571.043
H0,BRA,1201,Brazil,LCA,St. Lucia,2018,Export,6,117060.356
H0,BRA,1201,Brazil,LCA,St. Lucia,2019,Export,6,116454.172
H0,BRA,1201,Brazil,LCA,St. Lucia,2020,Export,6,112082.386
H0,BRA,1201,Brazil,LCA,St. Lucia,2021,Export,6,172009.469
H0,BRA,1201,Brazil,LKA,Sri Lanka,2014,Export,6,278.317
H0,BRA,1201,Brazil,LTU,Lithuania,2009,Export,6,127417.934
H0,BRA,1201,Brazil,LTU,Lithuania,2010,Export,6,25279.479
H0,BRA,1201,Brazil,MAR,Morocco,1993,Export,6,3170.55
H0,BRA,1201,Brazil,MAR,Morocco,1997,Export,6,25574.94
H0,BRA,1201,Brazil,MAR,Morocco,1999,Export,6,13491.08
H0,BRA,1201,Brazil,MAR,Morocco,2000,Export,6,13125.787
H0,BRA,1201,Brazil,MAR,Morocco,2001,Export,6,7065.305
H0,BRA,1201,Brazil,MAR,Morocco,2002,Export,6,24465.952
H0,BRA,1201,Brazil,MAR,Morocco,2003,Export,6,33821.161
H0,BRA,1201,Brazil,MAR,Morocco,2004,Export,6,32709.102
H0,BRA,1201,Brazil,MAR,Morocco,2005,Export,6,31310.456
H0,BRA,1201,Brazil,MAR,Morocco,2006,Export,6,23260.455
H0,BRA,1201,Brazil,MAR,Morocco,2007,Export,6,42930.159
H0,BRA,1201,Brazil,MAR,Morocco,2008,Export,6,83903.065
H0,BRA,1201,Brazil,MAR,Morocco,2009,Export,6,57231.561
H0,BRA,1201,Brazil,MAR,Morocco,2010,Export,6,10193.647
H0,BRA,1201,Brazil,MAR,Morocco,2014,Export,6,29085.051
H0,BRA,1201,Brazil,MAR,Morocco,2018,Export,6,1065.402
H0,BRA,1201,Brazil,MAR,Morocco,2020,Export,6,6707.645
H0,BRA,1201,Brazil,MEX,Mexico,1989,Export,6,61.524
H0,BRA,1201,Brazil,MEX,Mexico,1990,Export,6,233.279
H0,BRA,1201,Brazil,MEX,Mexico,1992,Export,6,4633.363
H0,BRA,1201,Brazil,MEX,Mexico,1993,Export,6,6643.735
H0,BRA,1201,Brazil,MEX,Mexico,1994,Export,6,9714.755
H0,BRA,1201,Brazil,MEX,Mexico,1997,Export,6,12927.88
H0,BRA,1201,Brazil,MEX,Mexico,1998,Export,6,25170.242
H0,BRA,1201,Brazil,MEX,Mexico,1999,Export,6,4632.673
H0,BRA,1201,Brazil,MEX,Mexico,2000,Export,6,29767.481
H0,BRA,1201,Brazil,MEX,Mexico,2001,Export,6,36478.143
H0,BRA,1201,Brazil,MEX,Mexico,2002,Export,6,7009.652
H0,BRA,1201,Brazil,MEX,Mexico,2003,Export,6,10523.039
H0,BRA,1201,Brazil,MEX,Mexico,2004,Export,6,117835.543
H0,BRA,1201,Brazil,MEX,Mexico,2005,Export,6,9277.357
H0,BRA,1201,Brazil,MEX,Mexico,2006,Export,6,0.906
H0,BRA,1201,Brazil,MEX,Mexico,2007,Export,6,6.05
H0,BRA,1201,Brazil,MEX,Mexico,2009,Export,6,18741.378
H0,BRA,1201,Brazil,MEX,Mexico,2010,Export,6,18100.798
H0,BRA,1201,Brazil,MEX,Mexico,2013,Export,6,150455.283
H0,BRA,1201,Brazil,MEX,Mexico,2014,Export,6,34436.245
H0,BRA,1201,Brazil,MEX,Mexico,2016,Export,6,46005.646
H0,BRA,1201,Brazil,MEX,Mexico,2017,Export,6,95803.095
H0,BRA,1201,Brazil,MEX,Mexico,2018,Export,6,134425.318
H0,BRA,1201,Brazil,MEX,Mexico,2019,Export,6,232873.177
H0,BRA,1201,Brazil,MEX,Mexico,2020,Export,6,288607.189
H0,BRA,1201,Brazil,MEX,Mexico,2021,Export,6,547087.981
H0,BRA,1201,Brazil,MHL,Marshall Islands,2019,Export,6,0.063
H0,BRA,1201,Brazil,MHL,Marshall Islands,2020,Export,6,0.34
H0,BRA,1201,Brazil,MHL,Marshall Islands,2021,Export,6,1.134
H0,BRA,1201,Brazil,MLT,Malta,2021,Export,6,0.117
H0,BRA,1201,Brazil,MMR,Myanmar,2018,Export,6,320.768
H0,BRA,1201,Brazil,MOZ,Mozambique,2007,Export,6,0.014
H0,BRA,1201,Brazil,MOZ,Mozambique,2009,Export,6,4.71
H0,BRA,1201,Brazil,MOZ,Mozambique,2010,Export,6,126.862
H0,BRA,1201,Brazil,MOZ,Mozambique,2013,Export,6,180.214
H0,BRA,1201,Brazil,MOZ,Mozambique,2014,Export,6,180
H0,BRA,1201,Brazil,MOZ,Mozambique,2016,Export,6,148.2
H0,BRA,1201,Brazil,MOZ,Mozambique,2017,Export,6,45
H0,BRA,1201,Brazil,MOZ,Mozambique,2018,Export,6,59.63
H0,BRA,1201,Brazil,MUS,Mauritius,2016,Export,6,39.749
H0,BRA,1201,Brazil,MYS,Malaysia,1989,Export,6,24373.048
H0,BRA,1201,Brazil,MYS,Malaysia,1990,Export,6,6674.138
H0,BRA,1201,Brazil,MYS,Malaysia,1992,Export,6,20299.822
H0,BRA,1201,Brazil,MYS,Malaysia,1993,Export,6,9543.705
H0,BRA,1201,Brazil,MYS,Malaysia,1994,Export,6,6278.61
H0,BRA,1201,Brazil,MYS,Malaysia,1995,Export,6,1731.059
H0,BRA,1201,Brazil,MYS,Malaysia,1997,Export,6,25780.316
H0,BRA,1201,Brazil,MYS,Malaysia,1998,Export,6,9574.378
H0,BRA,1201,Brazil,MYS,Malaysia,1999,Export,6,9889.852
H0,BRA,1201,Brazil,MYS,Malaysia,2000,Export,6,712.5
H0,BRA,1201,Brazil,MYS,Malaysia,2001,Export,6,2269.649
H0,BRA,1201,Brazil,MYS,Malaysia,2002,Export,6,2203.462
H0,BRA,1201,Brazil,MYS,Malaysia,2003,Export,6,13284.646
H0,BRA,1201,Brazil,MYS,Malaysia,2004,Export,6,21473.316
H0,BRA,1201,Brazil,MYS,Malaysia,2007,Export,6,13209.271
H0,BRA,1201,Brazil,MYS,Malaysia,2008,Export,6,11.122
H0,BRA,1201,Brazil,MYS,Malaysia,2010,Export,6,12.413
H0,BRA,1201,Brazil,MYS,Malaysia,2011,Export,6,1195.621
H0,BRA,1201,Brazil,MYS,Malaysia,2012,Export,6,6907.902
H0,BRA,1201,Brazil,MYS,Malaysia,2013,Export,6,52917.935
H0,BRA,1201,Brazil,MYS,Malaysia,2014,Export,6,33547.068
H0,BRA,1201,Brazil,MYS,Malaysia,2015,Export,6,34565.948
H0,BRA,1201,Brazil,MYS,Malaysia,2016,Export,6,27949.608
H0,BRA,1201,Brazil,MYS,Malaysia,2017,Export,6,30570.68
H0,BRA,1201,Brazil,MYS,Malaysia,2018,Export,6,6193.127
H0,BRA,1201,Brazil,MYS,Malaysia,2019,Export,6,3763.525
H0,BRA,1201,Brazil,MYS,Malaysia,2020,Export,6,10485.261
H0,BRA,1201,Brazil,MYS,Malaysia,2021,Export,6,7054.687
H0,BRA,1201,Brazil,NAM,Namibia,2008,Export,6,0.119
H0,BRA,1201,Brazil,NGA,Nigeria,2005,Export,6,2552
H0,BRA,1201,Brazil,NGA,Nigeria,2011,Export,6,37.05
H0,BRA,1201,Brazil,NGA,Nigeria,2013,Export,6,32.7
H0,BRA,1201,Brazil,NGA,Nigeria,2014,Export,6,1176.726
H0,BRA,1201,Brazil,NGA,Nigeria,2015,Export,6,166.776
H0,BRA,1201,Brazil,NGA,Nigeria,2017,Export,6,99.534
H0,BRA,1201,Brazil,NGA,Nigeria,2018,Export,6,217.091
H0,BRA,1201,Brazil,NIC,Nicaragua,1989,Export,6,560.07
H0,BRA,1201,Brazil,NLD,Netherlands,1989,Export,6,434476
H0,BRA,1201,Brazil,NLD,Netherlands,1990,Export,6,331010.752
H0,BRA,1201,Brazil,NLD,Netherlands,1991,Export,6,172809.216
H0,BRA,1201,Brazil,NLD,Netherlands,1992,Export,6,293799.52
H0,BRA,1201,Brazil,NLD,Netherlands,1993,Export,6,434664.864
H0,BRA,1201,Brazil,NLD,Netherlands,1994,Export,6,725687.936
H0,BRA,1201,Brazil,NLD,Netherlands,1995,Export,6,383489.12
H0,BRA,1201,Brazil,NLD,Netherlands,1996,Export,6,582423.04
H0,BRA,1201,Brazil,NLD,Netherlands,1997,Export,6,1266854.912
H0,BRA,1201,Brazil,NLD,Netherlands,1998,Export,6,699266.368
H0,BRA,1201,Brazil,NLD,Netherlands,1999,Export,6,543569.106
H0,BRA,1201,Brazil,NLD,Netherlands,2000,Export,6,656760.836
H0,BRA,1201,Brazil,NLD,Netherlands,2001,Export,6,590705.674
H0,BRA,1201,Brazil,NLD,Netherlands,2002,Export,6,543968.708
H0,BRA,1201,Brazil,NLD,Netherlands,2003,Export,6,766070.116
H0,BRA,1201,Brazil,NLD,Netherlands,2004,Export,6,952308.657
H0,BRA,1201,Brazil,NLD,Netherlands,2005,Export,6,1199631.812
H0,BRA,1201,Brazil,NLD,Netherlands,2006,Export,6,853988.507
H0,BRA,1201,Brazil,NLD,Netherlands,2007,Export,6,932284.311
H0,BRA,1201,Brazil,NLD,Netherlands,2008,Export,6,1030892.422
H0,BRA,1201,Brazil,NLD,Netherlands,2009,Export,6,974309.547
H0,BRA,1201,Brazil,NLD,Netherlands,2010,Export,6,550551.009
H0,BRA,1201,Brazil,NLD,Netherlands,2011,Export,6,710252.071
H0,BRA,1201,Brazil,NLD,Netherlands,2012,Export,6,550153.516
H0,BRA,1201,Brazil,NLD,Netherlands,2013,Export,6,829561.199
H0,BRA,1201,Brazil,NLD,Netherlands,2014,Export,6,1013057.281
H0,BRA,1201,Brazil,NLD,Netherlands,2015,Export,6,580865.886
H0,BRA,1201,Brazil,NLD,Netherlands,2016,Export,6,571489.078
H0,BRA,1201,Brazil,NLD,Netherlands,2017,Export,6,592434.294
H0,BRA,1201,Brazil,NLD,Netherlands,2018,Export,6,531186.859
H0,BRA,1201,Brazil,NLD,Netherlands,2019,Export,6,604781.141
H0,BRA,1201,Brazil,NLD,Netherlands,2020,Export,6,1109035.434
H0,BRA,1201,Brazil,NLD,Netherlands,2021,Export,6,1198838.475
H0,BRA,1201,Brazil,NOR,Norway,1989,Export,6,4444.664
H0,BRA,1201,Brazil,NOR,Norway,1990,Export,6,10138.958
H0,BRA,1201,Brazil,NOR,Norway,1991,Export,6,1730.305
H0,BRA,1201,Brazil,NOR,Norway,1992,Export,6,6563.289
H0,BRA,1201,Brazil,NOR,Norway,1994,Export,6,6098.1
H0,BRA,1201,Brazil,NOR,Norway,1996,Export,6,550.439
H0,BRA,1201,Brazil,NOR,Norway,1997,Export,6,28765.508
H0,BRA,1201,Brazil,NOR,Norway,1998,Export,6,24919.952
H0,BRA,1201,Brazil,NOR,Norway,1999,Export,6,66594.891
H0,BRA,1201,Brazil,NOR,Norway,2000,Export,6,102966.528
H0,BRA,1201,Brazil,NOR,Norway,2001,Export,6,75609.212
H0,BRA,1201,Brazil,NOR,Norway,2002,Export,6,77367.656
H0,BRA,1201,Brazil,NOR,Norway,2003,Export,6,81744.695
H0,BRA,1201,Brazil,NOR,Norway,2004,Export,6,94257.097
H0,BRA,1201,Brazil,NOR,Norway,2005,Export,6,92187.438
H0,BRA,1201,Brazil,NOR,Norway,2006,Export,6,86321.973
H0,BRA,1201,Brazil,NOR,Norway,2007,Export,6,109013.873
H0,BRA,1201,Brazil,NOR,Norway,2008,Export,6,176612.727
H0,BRA,1201,Brazil,NOR,Norway,2009,Export,6,182758.523
H0,BRA,1201,Brazil,NOR,Norway,2010,Export,6,147868.994
H0,BRA,1201,Brazil,NOR,Norway,2011,Export,6,159695.09
H0,BRA,1201,Brazil,NOR,Norway,2012,Export,6,215359.733
H0,BRA,1201,Brazil,NOR,Norway,2013,Export,6,168484.391
H0,BRA,1201,Brazil,NOR,Norway,2014,Export,6,156680.17
H0,BRA,1201,Brazil,NOR,Norway,2015,Export,6,139647.823
H0,BRA,1201,Brazil,NOR,Norway,2016,Export,6,99482.15
H0,BRA,1201,Brazil,NOR,Norway,2017,Export,6,103446.086
H0,BRA,1201,Brazil,NOR,Norway,2018,Export,6,110831.828
H0,BRA,1201,Brazil,NOR,Norway,2019,Export,6,148285.219
H0,BRA,1201,Brazil,NOR,Norway,2020,Export,6,125055.316
H0,BRA,1201,Brazil,NOR,Norway,2021,Export,6,156155.122
H0,BRA,1201,Brazil,NPL,Nepal,2016,Export,6,345.913
H0,BRA,1201,Brazil,OAS,"Other Asia, nes",1989,Export,6,2513.29
H0,BRA,1201,Brazil,OAS,"Other Asia, nes",1994,Export,6,1476
H0,BRA,1201,Brazil,OAS,"Other Asia, nes",1997,Export,6,57732.396
H0,BRA,1201,Brazil,OAS,"Other Asia, nes",1998,Export,6,97810.672
H0,BRA,1201,Brazil,OAS,"Other Asia, nes",1999,Export,6,2015.354
H0,BRA,1201,Brazil,OAS,"Other Asia, nes",2000,Export,6,21071.01
H0,BRA,1201,Brazil,OAS,"Other Asia, nes",2001,Export,6,44958.922
H0,BRA,1201,Brazil,OAS,"Other Asia, nes",2002,Export,6,34814.4
H0,BRA,1201,Brazil,OAS,"Other Asia, nes",2003,Export,6,117946.868
H0,BRA,1201,Brazil,OAS,"Other Asia, nes",2004,Export,6,213654.612
H0,BRA,1201,Brazil,OAS,"Other Asia, nes",2005,Export,6,121594.512
H0,BRA,1201,Brazil,OAS,"Other Asia, nes",2006,Export,6,119781.32
H0,BRA,1201,Brazil,OAS,"Other Asia, nes",2007,Export,6,60437.607
H0,BRA,1201,Brazil,OAS,"Other Asia, nes",2008,Export,6,75714.515
H0,BRA,1201,Brazil,OAS,"Other Asia, nes",2009,Export,6,216429.677
H0,BRA,1201,Brazil,OAS,"Other Asia, nes",2010,Export,6,247487.873
H0,BRA,1201,Brazil,OAS,"Other Asia, nes",2011,Export,6,482284.178
H0,BRA,1201,Brazil,OAS,"Other Asia, nes",2012,Export,6,607590.436
H0,BRA,1201,Brazil,OAS,"Other Asia, nes",2013,Export,6,525551.14
H0,BRA,1201,Brazil,OAS,"Other Asia, nes",2014,Export,6,379610.995
H0,BRA,1201,Brazil,OAS,"Other Asia, nes",2015,Export,6,376106.269
H0,BRA,1201,Brazil,OAS,"Other Asia, nes",2016,Export,6,330352.431
H0,BRA,1201,Brazil,OAS,"Other Asia, nes",2017,Export,6,382263.652
H0,BRA,1201,Brazil,OAS,"Other Asia, nes",2018,Export,6,132002.238
H0,BRA,1201,Brazil,OAS,"Other Asia, nes",2019,Export,6,231196.945
H0,BRA,1201,Brazil,OAS,"Other Asia, nes",2020,Export,6,334952.939
H0,BRA,1201,Brazil,OAS,"Other Asia, nes",2021,Export,6,532638.597
H0,BRA,1201,Brazil,PAK,Pakistan,2015,Export,6,48615.242
H0,BRA,1201,Brazil,PAK,Pakistan,2016,Export,6,183149.602
H0,BRA,1201,Brazil,PAK,Pakistan,2017,Export,6,358241.607
H0,BRA,1201,Brazil,PAK,Pakistan,2018,Export,6,255941.866
H0,BRA,1201,Brazil,PAK,Pakistan,2019,Export,6,267966.064
H0,BRA,1201,Brazil,PAK,Pakistan,2020,Export,6,416187.152
H0,BRA,1201,Brazil,PAK,Pakistan,2021,Export,6,693921.186
H0,BRA,1201,Brazil,PAN,Panama,1993,Export,6,252.02
H0,BRA,1201,Brazil,PAN,Panama,1994,Export,6,11855.216
H0,BRA,1201,Brazil,PAN,Panama,2005,Export,6,603
H0,BRA,1201,Brazil,PAN,Panama,2015,Export,6,17.811
H0,BRA,1201,Brazil,PAN,Panama,2018,Export,6,0.025
H0,BRA,1201,Brazil,PAN,Panama,2019,Export,6,0.182
H0,BRA,1201,Brazil,PAN,Panama,2020,Export,6,0.221
H0,BRA,1201,Brazil,PAN,Panama,2021,Export,6,0.328
H0,BRA,1201,Brazil,PER,Peru,2001,Export,6,1296.104
H0,BRA,1201,Brazil,PER,Peru,2009,Export,6,1.8
H0,BRA,1201,Brazil,PER,Peru,2015,Export,6,44.848
H0,BRA,1201,Brazil,PER,Peru,2019,Export,6,0.001
H0,BRA,1201,Brazil,PER,Peru,2021,Export,6,1.059
H0,BRA,1201,Brazil,PHL,Philippines,1997,Export,6,3335.987
H0,BRA,1201,Brazil,PHL,Philippines,2001,Export,6,4535.378
H0,BRA,1201,Brazil,PHL,Philippines,2002,Export,6,423.503
H0,BRA,1201,Brazil,PHL,Philippines,2007,Export,6,8.999
H0,BRA,1201,Brazil,PHL,Philippines,2008,Export,6,63.971
H0,BRA,1201,Brazil,PHL,Philippines,2009,Export,6,24.028
H0,BRA,1201,Brazil,PHL,Philippines,2010,Export,6,50.752
H0,BRA,1201,Brazil,PHL,Philippines,2011,Export,6,138.592
H0,BRA,1201,Brazil,PHL,Philippines,2012,Export,6,63.232
H0,BRA,1201,Brazil,PHL,Philippines,2013,Export,6,94.924
H0,BRA,1201,Brazil,PHL,Philippines,2014,Export,6,298.745
H0,BRA,1201,Brazil,PHL,Philippines,2015,Export,6,71.362
H0,BRA,1201,Brazil,PHL,Philippines,2018,Export,6,4070
H0,BRA,1201,Brazil,PHL,Philippines,2021,Export,6,5669.564
H0,BRA,1201,Brazil,POL,Poland,1994,Export,6,3554.29
H0,BRA,1201,Brazil,POL,Poland,1996,Export,6,3091.55
H0,BRA,1201,Brazil,POL,Poland,2005,Export,6,42.384
H0,BRA,1201,Brazil,POL,Poland,2006,Export,6,44.89
H0,BRA,1201,Brazil,POL,Poland,2007,Export,6,34.324
H0,BRA,1201,Brazil,POL,Poland,2008,Export,6,0.262
H0,BRA,1201,Brazil,POL,Poland,2011,Export,6,14.623
H0,BRA,1201,Brazil,PRK,"Korea, Dem. Rep.",1997,Export,6,12912.339
H0,BRA,1201,Brazil,PRK,"Korea, Dem. Rep.",2003,Export,6,1828.236
H0,BRA,1201,Brazil,PRK,"Korea, Dem. Rep.",2004,Export,6,56401.428
H0,BRA,1201,Brazil,PRK,"Korea, Dem. Rep.",2008,Export,6,3956.749
H0,BRA,1201,Brazil,PRK,"Korea, Dem. Rep.",2011,Export,6,2240.01
H0,BRA,1201,Brazil,PRT,Portugal,1989,Export,6,13957.47
H0,BRA,1201,Brazil,PRT,Portugal,1990,Export,6,10853.072
H0,BRA,1201,Brazil,PRT,Portugal,1991,Export,6,8365.188
H0,BRA,1201,Brazil,PRT,Portugal,1992,Export,6,7691.598
H0,BRA,1201,Brazil,PRT,Portugal,1993,Export,6,7627.36
H0,BRA,1201,Brazil,PRT,Portugal,1994,Export,6,11929.947
H0,BRA,1201,Brazil,PRT,Portugal,1995,Export,6,39821.196
H0,BRA,1201,Brazil,PRT,Portugal,1996,Export,6,20024.602
H0,BRA,1201,Brazil,PRT,Portugal,1997,Export,6,4755.856
H0,BRA,1201,Brazil,PRT,Portugal,1998,Export,6,40238.896
H0,BRA,1201,Brazil,PRT,Portugal,2000,Export,6,55550.815
H0,BRA,1201,Brazil,PRT,Portugal,2001,Export,6,154359.223
H0,BRA,1201,Brazil,PRT,Portugal,2002,Export,6,164609.343
H0,BRA,1201,Brazil,PRT,Portugal,2003,Export,6,80492.057
H0,BRA,1201,Brazil,PRT,Portugal,2004,Export,6,148937.968
H0,BRA,1201,Brazil,PRT,Portugal,2005,Export,6,88119.015
H0,BRA,1201,Brazil,PRT,Portugal,2006,Export,6,179437.491
H0,BRA,1201,Brazil,PRT,Portugal,2007,Export,6,246134.808
H0,BRA,1201,Brazil,PRT,Portugal,2008,Export,6,265101.873
H0,BRA,1201,Brazil,PRT,Portugal,2009,Export,6,275793.018
H0,BRA,1201,Brazil,PRT,Portugal,2010,Export,6,281721.231
H0,BRA,1201,Brazil,PRT,Portugal,2011,Export,6,51938.891
H0,BRA,1201,Brazil,PRT,Portugal,2012,Export,6,259202.05
H0,BRA,1201,Brazil,PRT,Portugal,2013,Export,6,106063.904
H0,BRA,1201,Brazil,PRT,Portugal,2014,Export,6,163782.554
H0,BRA,1201,Brazil,PRT,Portugal,2015,Export,6,168045.16
H0,BRA,1201,Brazil,PRT,Portugal,2016,Export,6,85551.414
H0,BRA,1201,Brazil,PRT,Portugal,2017,Export,6,80152.149
H0,BRA,1201,Brazil,PRT,Portugal,2018,Export,6,165749.458
H0,BRA,1201,Brazil,PRT,Portugal,2019,Export,6,120354.371
H0,BRA,1201,Brazil,PRT,Portugal,2020,Export,6,146804.868
H0,BRA,1201,Brazil,PRT,Portugal,2021,Export,6,243480.354
H0,BRA,1201,Brazil,PRY,Paraguay,1990,Export,6,126.294
H0,BRA,1201,Brazil,PRY,Paraguay,1991,Export,6,12.642
H0,BRA,1201,Brazil,PRY,Paraguay,1992,Export,6,81.901
H0,BRA,1201,Brazil,PRY,Paraguay,1993,Export,6,44.899
H0,BRA,1201,Brazil,PRY,Paraguay,1994,Export,6,562.197
H0,BRA,1201,Brazil,PRY,Paraguay,1995,Export,6,263.479
H0,BRA,1201,Brazil,PRY,Paraguay,1996,Export,6,2032.475
H0,BRA,1201,Brazil,PRY,Paraguay,1997,Export,6,3927.108
H0,BRA,1201,Brazil,PRY,Paraguay,1998,Export,6,11225.917
H0,BRA,1201,Brazil,PRY,Paraguay,1999,Export,6,2286.968
H0,BRA,1201,Brazil,PRY,Paraguay,2000,Export,6,2581.654
H0,BRA,1201,Brazil,PRY,Paraguay,2001,Export,6,2877.377
H0,BRA,1201,Brazil,PRY,Paraguay,2002,Export,6,2697.091
H0,BRA,1201,Brazil,PRY,Paraguay,2003,Export,6,3336.598
H0,BRA,1201,Brazil,PRY,Paraguay,2004,Export,6,5690.845
H0,BRA,1201,Brazil,PRY,Paraguay,2005,Export,6,3674.945
H0,BRA,1201,Brazil,PRY,Paraguay,2006,Export,6,3110.314
H0,BRA,1201,Brazil,PRY,Paraguay,2007,Export,6,5223.999
H0,BRA,1201,Brazil,PRY,Paraguay,2008,Export,6,4762.906
H0,BRA,1201,Brazil,PRY,Paraguay,2009,Export,6,7466.183
H0,BRA,1201,Brazil,PRY,Paraguay,2010,Export,6,4009.277
H0,BRA,1201,Brazil,PRY,Paraguay,2011,Export,6,7028.161
H0,BRA,1201,Brazil,PRY,Paraguay,2012,Export,6,4724.36
H0,BRA,1201,Brazil,PRY,Paraguay,2013,Export,6,2329.358
H0,BRA,1201,Brazil,PRY,Paraguay,2014,Export,6,2202.676
H0,BRA,1201,Brazil,PRY,Paraguay,2015,Export,6,1164.115
H0,BRA,1201,Brazil,PRY,Paraguay,2016,Export,6,1229.499
H0,BRA,1201,Brazil,PRY,Paraguay,2017,Export,6,4611.556
H0,BRA,1201,Brazil,PRY,Paraguay,2018,Export,6,3653.615
H0,BRA,1201,Brazil,PRY,Paraguay,2019,Export,6,2570.228
H0,BRA,1201,Brazil,PRY,Paraguay,2020,Export,6,3305.83
H0,BRA,1201,Brazil,PRY,Paraguay,2021,Export,6,8342.625
H0,BRA,1201,Brazil,ROM,Romania,1990,Export,6,21442.308
H0,BRA,1201,Brazil,ROM,Romania,1991,Export,6,834.006
H0,BRA,1201,Brazil,ROM,Romania,1993,Export,6,219.74
H0,BRA,1201,Brazil,ROM,Romania,1994,Export,6,2594.899
H0,BRA,1201,Brazil,ROM,Romania,2001,Export,6,13977.559
H0,BRA,1201,Brazil,ROM,Romania,2002,Export,6,6274.19
H0,BRA,1201,Brazil,ROM,Romania,2003,Export,6,6925.257
H0,BRA,1201,Brazil,ROM,Romania,2004,Export,6,12034.2
H0,BRA,1201,Brazil,ROM,Romania,2008,Export,6,9074.721
H0,BRA,1201,Brazil,ROM,Romania,2009,Export,6,12842.143
H0,BRA,1201,Brazil,ROM,Romania,2010,Export,6,24303.597
H0,BRA,1201,Brazil,ROM,Romania,2011,Export,6,8333.127
H0,BRA,1201,Brazil,ROM,Romania,2013,Export,6,39700.538
H0,BRA,1201,Brazil,ROM,Romania,2014,Export,6,8970.042
H0,BRA,1201,Brazil,ROM,Romania,2015,Export,6,17419.676
H0,BRA,1201,Brazil,ROM,Romania,2016,Export,6,19556.344
H0,BRA,1201,Brazil,ROM,Romania,2017,Export,6,37082.644
H0,BRA,1201,Brazil,ROM,Romania,2018,Export,6,66136.888
H0,BRA,1201,Brazil,ROM,Romania,2019,Export,6,17544.734
H0,BRA,1201,Brazil,ROM,Romania,2020,Export,6,76149.537
H0,BRA,1201,Brazil,ROM,Romania,2021,Export,6,59931.675
H0,BRA,1201,Brazil,RUS,Russian Federation,1993,Export,6,636.6
H0,BRA,1201,Brazil,RUS,Russian Federation,1994,Export,6,1399.149
H0,BRA,1201,Brazil,RUS,Russian Federation,1997,Export,6,12944.576
H0,BRA,1201,Brazil,RUS,Russian Federation,1998,Export,6,1057.625
H0,BRA,1201,Brazil,RUS,Russian Federation,2002,Export,6,8802.332
H0,BRA,1201,Brazil,RUS,Russian Federation,2005,Export,6,1056.033
H0,BRA,1201,Brazil,RUS,Russian Federation,2007,Export,6,35941.647
H0,BRA,1201,Brazil,RUS,Russian Federation,2008,Export,6,57039.079
H0,BRA,1201,Brazil,RUS,Russian Federation,2010,Export,6,157575.425
H0,BRA,1201,Brazil,RUS,Russian Federation,2011,Export,6,143077.645
H0,BRA,1201,Brazil,RUS,Russian Federation,2012,Export,6,73111.704
H0,BRA,1201,Brazil,RUS,Russian Federation,2014,Export,6,296194.739
H0,BRA,1201,Brazil,RUS,Russian Federation,2015,Export,6,231534.581
H0,BRA,1201,Brazil,RUS,Russian Federation,2016,Export,6,411426.752
H0,BRA,1201,Brazil,RUS,Russian Federation,2017,Export,6,415723.037
H0,BRA,1201,Brazil,RUS,Russian Federation,2018,Export,6,450301.25
H0,BRA,1201,Brazil,RUS,Russian Federation,2019,Export,6,354785.511
H0,BRA,1201,Brazil,RUS,Russian Federation,2020,Export,6,386638.639
H0,BRA,1201,Brazil,RUS,Russian Federation,2021,Export,6,343286.654
H0,BRA,1201,Brazil,SAU,Saudi Arabia,1992,Export,6,426.347
H0,BRA,1201,Brazil,SDN,Fm Sudan,2010,Export,6,3.604
H0,BRA,1201,Brazil,SDN,Fm Sudan,2011,Export,6,177.913
H0,BRA,1201,Brazil,SEN,Senegal,2014,Export,6,226.602
H0,BRA,1201,Brazil,SEN,Senegal,2015,Export,6,1263.47
H0,BRA,1201,Brazil,SEN,Senegal,2016,Export,6,118.942
H0,BRA,1201,Brazil,SEN,Senegal,2020,Export,6,87.111
H0,BRA,1201,Brazil,SER,"Serbia, FR(Serbia/Montenegro)",1992,Export,6,1041.05
H0,BRA,1201,Brazil,SER,"Serbia, FR(Serbia/Montenegro)",2002,Export,6,790.95
H0,BRA,1201,Brazil,SGP,Singapore,2007,Export,6,223.922
H0,BRA,1201,Brazil,SGP,Singapore,2008,Export,6,888.864
H0,BRA,1201,Brazil,SGP,Singapore,2009,Export,6,770.316
H0,BRA,1201,Brazil,SGP,Singapore,2010,Export,6,789.944
H0,BRA,1201,Brazil,SGP,Singapore,2011,Export,6,1002.794
H0,BRA,1201,Brazil,SGP,Singapore,2012,Export,6,481.001
H0,BRA,1201,Brazil,SGP,Singapore,2013,Export,6,12028.514
H0,BRA,1201,Brazil,SGP,Singapore,2014,Export,6,491.102
H0,BRA,1201,Brazil,SGP,Singapore,2015,Export,6,307.82
H0,BRA,1201,Brazil,SGP,Singapore,2019,Export,6,0.751
H0,BRA,1201,Brazil,SGP,Singapore,2020,Export,6,0.246
H0,BRA,1201,Brazil,SGP,Singapore,2021,Export,6,0.137
H0,BRA,1201,Brazil,SLE,Sierra Leone,2021,Export,6,29.914
H0,BRA,1201,Brazil,SLV,El Salvador,1990,Export,6,88.199
H0,BRA,1201,Brazil,SUD,Sudan,2020,Export,6,19.89
H0,BRA,1201,Brazil,SUR,Suriname,2015,Export,6,1.82
H0,BRA,1201,Brazil,SVK,Slovak Republic,1994,Export,6,1242.149
H0,BRA,1201,Brazil,SVK,Slovak Republic,2007,Export,6,12.897
H0,BRA,1201,Brazil,SVK,Slovak Republic,2018,Export,6,1993.55
H0,BRA,1201,Brazil,SVN,Slovenia,2004,Export,6,1832.979
H0,BRA,1201,Brazil,SVN,Slovenia,2006,Export,6,2097.594
H0,BRA,1201,Brazil,SVN,Slovenia,2013,Export,6,176.638
H0,BRA,1201,Brazil,SVN,Slovenia,2018,Export,6,3596.351
H0,BRA,1201,Brazil,SWE,Sweden,2002,Export,6,70.732
H0,BRA,1201,Brazil,SWE,Sweden,2003,Export,6,226.353
H0,BRA,1201,Brazil,SWE,Sweden,2004,Export,6,520.7
H0,BRA,1201,Brazil,SWE,Sweden,2005,Export,6,163.396
H0,BRA,1201,Brazil,SWE,Sweden,2006,Export,6,186.964
H0,BRA,1201,Brazil,SWE,Sweden,2007,Export,6,968.713
H0,BRA,1201,Brazil,SWE,Sweden,2008,Export,6,1345.149
H0,BRA,1201,Brazil,SWE,Sweden,2009,Export,6,513.428
H0,BRA,1201,Brazil,SYR,Syrian Arab Republic,2004,Export,6,2070.914
H0,BRA,1201,Brazil,SYR,Syrian Arab Republic,2006,Export,6,1654.262
H0,BRA,1201,Brazil,TCA,Turks and Caicos Isl.,2013,Export,6,3166.988
H0,BRA,1201,Brazil,TCA,Turks and Caicos Isl.,2014,Export,6,7810.691
H0,BRA,1201,Brazil,TCA,Turks and Caicos Isl.,2015,Export,6,3034.2
H0,BRA,1201,Brazil,TCA,Turks and Caicos Isl.,2018,Export,6,19147.852
H0,BRA,1201,Brazil,TCA,Turks and Caicos Isl.,2019,Export,6,7103.441
H0,BRA,1201,Brazil,THA,Thailand,1989,Export,6,213.5
H0,BRA,1201,Brazil,THA,Thailand,1994,Export,6,21433.788
H0,BRA,1201,Brazil,THA,Thailand,1995,Export,6,4003.955
H0,BRA,1201,Brazil,THA,Thailand,1996,Export,6,2422.576
H0,BRA,1201,Brazil,THA,Thailand,1997,Export,6,48354.292
H0,BRA,1201,Brazil,THA,Thailand,1998,Export,6,25525.472
H0,BRA,1201,Brazil,THA,Thailand,1999,Export,6,9838.324
H0,BRA,1201,Brazil,THA,Thailand,2000,Export,6,19261.01
H0,BRA,1201,Brazil,THA,Thailand,2001,Export,6,6782.922
H0,BRA,1201,Brazil,THA,Thailand,2002,Export,6,18806.152
H0,BRA,1201,Brazil,THA,Thailand,2003,Export,6,19983.024
H0,BRA,1201,Brazil,THA,Thailand,2004,Export,6,94630.311
H0,BRA,1201,Brazil,THA,Thailand,2005,Export,6,146309.771
H0,BRA,1201,Brazil,THA,Thailand,2006,Export,6,172033.267
H0,BRA,1201,Brazil,THA,Thailand,2007,Export,6,278934.422
H0,BRA,1201,Brazil,THA,Thailand,2008,Export,6,536432.021
H0,BRA,1201,Brazil,THA,Thailand,2009,Export,6,362578.912
H0,BRA,1201,Brazil,THA,Thailand,2010,Export,6,444871.645
H0,BRA,1201,Brazil,THA,Thailand,2011,Export,6,577797.304
H0,BRA,1201,Brazil,THA,Thailand,2012,Export,6,598155.283
H0,BRA,1201,Brazil,THA,Thailand,2013,Export,6,589168.734
H0,BRA,1201,Brazil,THA,Thailand,2014,Export,6,626409.931
H0,BRA,1201,Brazil,THA,Thailand,2015,Export,6,672557.837
H0,BRA,1201,Brazil,THA,Thailand,2016,Export,6,586642.03
H0,BRA,1201,Brazil,THA,Thailand,2017,Export,6,622763.101
H0,BRA,1201,Brazil,THA,Thailand,2018,Export,6,467143.929
H0,BRA,1201,Brazil,THA,Thailand,2019,Export,6,602178.142
H0,BRA,1201,Brazil,THA,Thailand,2020,Export,6,911435.097
H0,BRA,1201,Brazil,THA,Thailand,2021,Export,6,1289044.154
H0,BRA,1201,Brazil,TUN,Tunisia,2012,Export,6,29921.947
H0,BRA,1201,Brazil,TUN,Tunisia,2014,Export,6,47482.955
H0,BRA,1201,Brazil,TUN,Tunisia,2015,Export,6,61172.268
H0,BRA,1201,Brazil,TUN,Tunisia,2016,Export,6,13495.569
H0,BRA,1201,Brazil,TUN,Tunisia,2017,Export,6,23209.81
H0,BRA,1201,Brazil,TUN,Tunisia,2018,Export,6,68113.343
H0,BRA,1201,Brazil,TUN,Tunisia,2019,Export,6,70086.304
H0,BRA,1201,Brazil,TUN,Tunisia,2020,Export,6,85280.844
H0,BRA,1201,Brazil,TUN,Tunisia,2021,Export,6,137249.752
H0,BRA,1201,Brazil,TUR,Turkey,1992,Export,6,1657.622
H0,BRA,1201,Brazil,TUR,Turkey,1995,Export,6,1463.659
H0,BRA,1201,Brazil,TUR,Turkey,1996,Export,6,866.324
H0,BRA,1201,Brazil,TUR,Turkey,1997,Export,6,16836.852
H0,BRA,1201,Brazil,TUR,Turkey,1998,Export,6,21127.766
H0,BRA,1201,Brazil,TUR,Turkey,1999,Export,6,2501.322
H0,BRA,1201,Brazil,TUR,Turkey,2000,Export,6,10229.18
H0,BRA,1201,Brazil,TUR,Turkey,2002,Export,6,722.411
H0,BRA,1201,Brazil,TUR,Turkey,2003,Export,6,14883.591
H0,BRA,1201,Brazil,TUR,Turkey,2004,Export,6,12215.233
H0,BRA,1201,Brazil,TUR,Turkey,2005,Export,6,30958.964
H0,BRA,1201,Brazil,TUR,Turkey,2006,Export,6,39059.764
H0,BRA,1201,Brazil,TUR,Turkey,2007,Export,6,18864.447
H0,BRA,1201,Brazil,TUR,Turkey,2008,Export,6,54071.855
H0,BRA,1201,Brazil,TUR,Turkey,2009,Export,6,6226.679
H0,BRA,1201,Brazil,TUR,Turkey,2010,Export,6,82603.571
H0,BRA,1201,Brazil,TUR,Turkey,2011,Export,6,162055.202
H0,BRA,1201,Brazil,TUR,Turkey,2012,Export,6,4869.015
H0,BRA,1201,Brazil,TUR,Turkey,2013,Export,6,67959.032
H0,BRA,1201,Brazil,TUR,Turkey,2014,Export,6,234914.103
H0,BRA,1201,Brazil,TUR,Turkey,2015,Export,6,49347.135
H0,BRA,1201,Brazil,TUR,Turkey,2016,Export,6,101936.598
H0,BRA,1201,Brazil,TUR,Turkey,2017,Export,6,104760.808
H0,BRA,1201,Brazil,TUR,Turkey,2018,Export,6,521302.862
H0,BRA,1201,Brazil,TUR,Turkey,2019,Export,6,443780.775
H0,BRA,1201,Brazil,TUR,Turkey,2020,Export,6,720763.111
H0,BRA,1201,Brazil,TUR,Turkey,2021,Export,6,1014906.698
H0,BRA,1201,Brazil,UGA,Uganda,2017,Export,6,2.926
H0,BRA,1201,Brazil,UKR,Ukraine,2005,Export,6,6706.34
H0,BRA,1201,Brazil,UKR,Ukraine,2020,Export,6,4326.434
H0,BRA,1201,Brazil,UKR,Ukraine,2021,Export,6,19840.78
H0,BRA,1201,Brazil,UMI,United States Minor Outlying I,2008,Export,6,1105.35
H0,BRA,1201,Brazil,UNS,Unspecified,1990,Export,6,123.574
H0,BRA,1201,Brazil,UNS,Unspecified,1993,Export,6,134827.936
H0,BRA,1201,Brazil,UNS,Unspecified,1994,Export,6,4986.539
H0,BRA,1201,Brazil,UNS,Unspecified,1997,Export,6,19149.184
H0,BRA,1201,Brazil,UNS,Unspecified,1998,Export,6,36357.128
H0,BRA,1201,Brazil,UNS,Unspecified,1999,Export,6,13007.544
H0,BRA,1201,Brazil,URY,Uruguay,1990,Export,6,551.893
H0,BRA,1201,Brazil,URY,Uruguay,1991,Export,6,866.969
H0,BRA,1201,Brazil,URY,Uruguay,1992,Export,6,2814.644
H0,BRA,1201,Brazil,URY,Uruguay,1993,Export,6,3909.354
H0,BRA,1201,Brazil,URY,Uruguay,1994,Export,6,1981.826
H0,BRA,1201,Brazil,URY,Uruguay,1995,Export,6,13711.722
H0,BRA,1201,Brazil,URY,Uruguay,1996,Export,6,16953.636
H0,BRA,1201,Brazil,URY,Uruguay,1997,Export,6,23534.176
H0,BRA,1201,Brazil,URY,Uruguay,1998,Export,6,6298.623
H0,BRA,1201,Brazil,URY,Uruguay,1999,Export,6,1567.075
H0,BRA,1201,Brazil,URY,Uruguay,2000,Export,6,22.995
H0,BRA,1201,Brazil,URY,Uruguay,2003,Export,6,656.346
H0,BRA,1201,Brazil,URY,Uruguay,2006,Export,6,0.267
H0,BRA,1201,Brazil,URY,Uruguay,2007,Export,6,0.905
H0,BRA,1201,Brazil,URY,Uruguay,2008,Export,6,33.831
H0,BRA,1201,Brazil,URY,Uruguay,2009,Export,6,1728.801
H0,BRA,1201,Brazil,URY,Uruguay,2011,Export,6,22.48
H0,BRA,1201,Brazil,URY,Uruguay,2012,Export,6,75.409
H0,BRA,1201,Brazil,URY,Uruguay,2013,Export,6,86.168
H0,BRA,1201,Brazil,URY,Uruguay,2014,Export,6,513.337
H0,BRA,1201,Brazil,URY,Uruguay,2015,Export,6,0.072
H0,BRA,1201,Brazil,URY,Uruguay,2016,Export,6,1392.314
H0,BRA,1201,Brazil,URY,Uruguay,2017,Export,6,10.035
H0,BRA,1201,Brazil,URY,Uruguay,2018,Export,6,3576.265
H0,BRA,1201,Brazil,URY,Uruguay,2019,Export,6,165.07
H0,BRA,1201,Brazil,URY,Uruguay,2020,Export,6,91.828
H0,BRA,1201,Brazil,URY,Uruguay,2021,Export,6,2025.036
H0,BRA,1201,Brazil,USA,United States,1989,Export,6,2034.5
H0,BRA,1201,Brazil,USA,United States,1990,Export,6,6306.968
H0,BRA,1201,Brazil,USA,United States,1993,Export,6,219
H0,BRA,1201,Brazil,USA,United States,1994,Export,6,1181.3
H0,BRA,1201,Brazil,USA,United States,1996,Export,6,3753.03
H0,BRA,1201,Brazil,USA,United States,1997,Export,6,33135.61
H0,BRA,1201,Brazil,USA,United States,1998,Export,6,6196.371
H0,BRA,1201,Brazil,USA,United States,1999,Export,6,592.409
H0,BRA,1201,Brazil,USA,United States,2000,Export,6,971.624
H0,BRA,1201,Brazil,USA,United States,2001,Export,6,1108.195
H0,BRA,1201,Brazil,USA,United States,2002,Export,6,768.475
H0,BRA,1201,Brazil,USA,United States,2003,Export,6,448.46
H0,BRA,1201,Brazil,USA,United States,2004,Export,6,72127.23
H0,BRA,1201,Brazil,USA,United States,2005,Export,6,0.556
H0,BRA,1201,Brazil,USA,United States,2006,Export,6,3034.726
H0,BRA,1201,Brazil,USA,United States,2007,Export,6,49.994
H0,BRA,1201,Brazil,USA,United States,2008,Export,6,619.305
H0,BRA,1201,Brazil,USA,United States,2009,Export,6,560.478
H0,BRA,1201,Brazil,USA,United States,2010,Export,6,58.692
H0,BRA,1201,Brazil,USA,United States,2012,Export,6,0.019
H0,BRA,1201,Brazil,USA,United States,2013,Export,6,174690.548
H0,BRA,1201,Brazil,USA,United States,2014,Export,6,538145.564
H0,BRA,1201,Brazil,USA,United States,2015,Export,6,624.339
H0,BRA,1201,Brazil,USA,United States,2016,Export,6,0.165
H0,BRA,1201,Brazil,USA,United States,2017,Export,6,0.054
H0,BRA,1201,Brazil,USA,United States,2018,Export,6,964.836
H0,BRA,1201,Brazil,USA,United States,2019,Export,6,1865.766
H0,BRA,1201,Brazil,USA,United States,2020,Export,6,119.749
H0,BRA,1201,Brazil,USA,United States,2021,Export,6,86036.279
H0,BRA,1201,Brazil,UZB,Uzbekistan,1997,Export,6,10263.757
H0,BRA,1201,Brazil,UZB,Uzbekistan,1998,Export,6,24267.302
H0,BRA,1201,Brazil,UZB,Uzbekistan,2010,Export,6,10278.84
H0,BRA,1201,Brazil,VEN,Venezuela,1990,Export,6,120.72
H0,BRA,1201,Brazil,VEN,Venezuela,1994,Export,6,30.024
H0,BRA,1201,Brazil,VEN,Venezuela,1995,Export,6,14.04
H0,BRA,1201,Brazil,VEN,Venezuela,1996,Export,6,9.149
H0,BRA,1201,Brazil,VEN,Venezuela,1997,Export,6,79.529
H0,BRA,1201,Brazil,VEN,Venezuela,1998,Export,6,14.271
H0,BRA,1201,Brazil,VEN,Venezuela,1999,Export,6,6.719
H0,BRA,1201,Brazil,VEN,Venezuela,2000,Export,6,20648.233
H0,BRA,1201,Brazil,VEN,Venezuela,2001,Export,6,13891.019
H0,BRA,1201,Brazil,VEN,Venezuela,2002,Export,6,94
H0,BRA,1201,Brazil,VEN,Venezuela,2003,Export,6,10.914
H0,BRA,1201,Brazil,VEN,Venezuela,2004,Export,6,4009.047
H0,BRA,1201,Brazil,VEN,Venezuela,2005,Export,6,386.274
H0,BRA,1201,Brazil,VEN,Venezuela,2006,Export,6,12770.338
H0,BRA,1201,Brazil,VEN,Venezuela,2007,Export,6,1124.8
H0,BRA,1201,Brazil,VEN,Venezuela,2008,Export,6,2799.058
H0,BRA,1201,Brazil,VEN,Venezuela,2009,Export,6,1655.176
H0,BRA,1201,Brazil,VEN,Venezuela,2010,Export,6,3770
H0,BRA,1201,Brazil,VEN,Venezuela,2011,Export,6,7332
H0,BRA,1201,Brazil,VEN,Venezuela,2012,Export,6,23290.725
H0,BRA,1201,Brazil,VEN,Venezuela,2013,Export,6,12954.981
H0,BRA,1201,Brazil,VEN,Venezuela,2016,Export,6,176.157
H0,BRA,1201,Brazil,VEN,Venezuela,2017,Export,6,483.612
H0,BRA,1201,Brazil,VEN,Venezuela,2018,Export,6,48095.915
H0,BRA,1201,Brazil,VEN,Venezuela,2019,Export,6,1224.297
H0,BRA,1201,Brazil,VEN,Venezuela,2020,Export,6,10.619
H0,BRA,1201,Brazil,VEN,Venezuela,2021,Export,6,32.886
H0,BRA,1201,Brazil,VGB,British Virgin Islands,1993,Export,6,20.927
H0,BRA,1201,Brazil,VGB,British Virgin Islands,1994,Export,6,1756.83
H0,BRA,1201,Brazil,VGB,British Virgin Islands,1995,Export,6,493.5
H0,BRA,1201,Brazil,VGB,British Virgin Islands,2010,Export,6,17.799
H0,BRA,1201,Brazil,VGB,British Virgin Islands,2017,Export,6,747.4
H0,BRA,1201,Brazil,VGB,British Virgin Islands,2018,Export,6,4577.448
H0,BRA,1201,Brazil,VGB,British Virgin Islands,2019,Export,6,10727.985
H0,BRA,1201,Brazil,VGB,British Virgin Islands,2020,Export,6,9073.657
H0,BRA,1201,Brazil,VGB,British Virgin Islands,2021,Export,6,3851.935
H0,BRA,1201,Brazil,VNM,Vietnam,1997,Export,6,1733.051
H0,BRA,1201,Brazil,VNM,Vietnam,1998,Export,6,1226.5
H0,BRA,1201,Brazil,VNM,Vietnam,2009,Export,6,90.733
H0,BRA,1201,Brazil,VNM,Vietnam,2011,Export,6,258227.312
H0,BRA,1201,Brazil,VNM,Vietnam,2012,Export,6,291938.043
H0,BRA,1201,Brazil,VNM,Vietnam,2013,Export,6,307965.02
H0,BRA,1201,Brazil,VNM,Vietnam,2014,Export,6,219158.842
H0,BRA,1201,Brazil,VNM,Vietnam,2015,Export,6,260530.336
H0,BRA,1201,Brazil,VNM,Vietnam,2016,Export,6,108358.35
H0,BRA,1201,Brazil,VNM,Vietnam,2017,Export,6,230891.437
H0,BRA,1201,Brazil,VNM,Vietnam,2018,Export,6,135558.584
H0,BRA,1201,Brazil,VNM,Vietnam,2019,Export,6,236226.454
H0,BRA,1201,Brazil,VNM,Vietnam,2020,Export,6,239600.787
H0,BRA,1201,Brazil,VNM,Vietnam,2021,Export,6,553532.747
H0,BRA,1201,Brazil,YUG,"Yugoslavia,FR(Serbia/Montenegr",1989,Export,6,14521.296
H0,BRA,1201,Brazil,ZAF,South Africa,1994,Export,6,7808.05
H0,BRA,1201,Brazil,ZAF,South Africa,2007,Export,6,9.202
H0,BRA,1201,Brazil,ZAF,South Africa,2008,Export,6,77.293
H0,BRA,1201,Brazil,ZAF,South Africa,2009,Export,6,31.962
H0,BRA,1201,Brazil,ZAF,South Africa,2010,Export,6,25.469
H0,BRA,1201,Brazil,ZAF,South Africa,2011,Export,6,33.363
H0,BRA,1201,Brazil,ZAF,South Africa,2012,Export,6,31.5
H0,BRA,1201,Brazil,ZAF,South Africa,2013,Export,6,0.057
H0,BRA,1201,Brazil,ZAF,South Africa,2014,Export,6,7727.768
H0,BRA,1201,Brazil,ZAF,South Africa,2015,Export,6,31888.294
H0,BRA,1201,Brazil,ZAF,South Africa,2017,Export,6,0.06
H0,BRA,1201,Brazil,ZAF,South Africa,2018,Export,6,0.19
H0,BRA,1201,Brazil,ZAF,South Africa,2019,Export,6,0.067
H0,BRA,1201,Brazil,ZAF,South Africa,2020,Export,6,11012.223
H0,BRA,1201,Brazil,ZAF,South Africa,2021,Export,6,5.292
H0,BRA,1201,Brazil,ZAR,"Congo, Dem. Rep.",1996,Export,6,17.82
H0,BRA,1201,Brazil,ZAR,"Congo, Dem. Rep.",2013,Export,6,18.455
H0,BRA,1201,Brazil,ZAR,"Congo, Dem. Rep.",2015,Export,6,58.498
H0,BRA,1201,Brazil,ZMB,Zambia,2012,Export,6,0.025
